,ingredient,uniq_unit,ชิ้น,ห่อ,ลูก,หัว,ถุง,กระฉอก,ถาด,ยอด,ต้น,ขา,ซอง,ก้อน,เส้น,อัน,บาท,เม็ด,กระป๋อง,ใบ,ใจ,แผ่น,ก้าน,แพ็ค,แท่ง,ท่อน,ผล,ตัว,ฝัก,มัด,ดอก,กล่อง,ชุด,กิ่ง,พวง,แว่น,อก,แง่ง,ช่อ,นิ้ว,ราก,หลอด,แพ,หม้อ,ซอย,ซีก,น่อง,โครง,ดวง,ขยุ้ม
0,น้ำปลา(?!ร้า),"['', 'tea_spoon', 'spoon', 'table_spoon', 'ladle', 'gram', 'milligram', 'bottle', 'cup', 'dipper', 'min', 'avg', 'drops']",0,0,0,0,0,0,0,0,0,0,0,0,0,0,0,0,0,0,0,0,0,0,0,0,0,0,0,0,0,0,0,0,0,0,0,0,0,0,0,0,0,0,0,0,0,0,0,0
1,^กระเทียม|กะเทียม|กระเทียบสับ|ผงกระเทียม|กระเทียวเจียว|กระเทียบ|กระทียมสับ|garlic|^น้ำจิ้ม กระเทียม$,"['', 'บาท', 'ซีก', 'หัว', 'แพ็คเล็ก', 'หัวใหญ่', 'pieces', 'เม็ด', 'หัวเล็ก', 'หัวทุบ', 'tea_spoon', 'spoon', 'table_spoon', 'ladle', 'gram', 'glass', 'hundred_gram', 'hand', 'pick', 'lobe', 'cup', 'dipper', 'min', 'avg']",0,0,0,x,0,0,0,0,0,0,0,0,0,0,x,x,0,0,0,0,0,x,0,0,0,0,0,0,0,0,0,0,0,0,0,0,0,0,0,0,x,0,0,x,0,0,0,0
2,^ไข่(?!(เป็ด|กุ้ง|ปลาหมึก))|ไก่ไข่,"['', 'บาท', 'ลูก', 'พวง', 'ใบ', 'คลึ่งลูก', 'เม็ด', 'table_spoon', 'kilogram', 'gram', 'milligram', 'cup', 'min', 'avg', 'buble']",0,0,x,0,0,0,0,0,0,0,0,0,0,0,x,x,0,x,0,0,0,0,0,0,0,0,0,0,0,0,0,0,x,0,0,0,0,0,0,0,0,0,0,0,0,0,0,0
3,น้ำตาล(?!หญ้าหวาน)|นำ้ตาลทราย,"['', 'ชิ้นเล็กๆ', 'เม็ด', 'ก้อน', 'tea_spoon', 'spoon', 'table_spoon', 'ladle', 'kilogram', 'gram', 'hundred_gram', 'pick', 'cup', 'dipper', 'min', 'avg']",x,0,0,0,0,0,0,0,0,0,0,x,0,0,0,x,0,0,0,0,0,0,0,0,0,0,0,0,0,0,0,0,0,0,0,0,0,0,0,0,0,0,0,0,0,0,0,0
4,เกลือ|salt|เกลอ,"['', 'กระป๋อง', 'ชุด', 'ถุง', 'ดอก', 'tea_spoon', 'spoon', 'table_spoon', 'ladle', 'kilogram', 'gram', 'hand', 'pick', 'cup', 'min', 'avg']",0,0,0,0,x,0,0,0,0,0,0,0,0,0,0,0,x,0,0,0,0,0,0,0,0,0,0,0,x,0,x,0,0,0,0,0,0,0,0,0,0,0,0,0,0,0,0,0
5,ซอสปรุงรส|ซอสฝาเขียว|ซอสฝาเหลือง|ซอสแมคกี้|ซอสแม็กกี้|ซอสข้นปรุงรสคนอร์|แม๊กกี้|ซอส|แม็กกี้|คนอร์ซอสข้นปรุงรสหมู|ซอสข้นคนอร์|ซอลปรุงรส|แมกกี้|ซ้อสปรุงรส,"['', 'กระป๋อง', 'กป.', 'ซอง', 'ถุง', 'ห่อ', 'tea_spoon', 'spoon', 'table_spoon', 'ladle', 'gram', 'milligram', 'bottle', 'cup', 'dipper', 'min', 'avg', 'millitre', 'drops']",0,x,0,0,x,0,0,0,0,0,x,0,0,0,0,0,x,0,0,0,0,0,0,0,0,0,0,0,0,0,0,0,0,0,0,0,0,0,0,0,0,0,0,0,0,0,0,0
6,น้ำมันหอย|ซอสหอย|ซอยหอยนางรม|นำ้มันหอย|ซอลหอยนางรม|นํ้ามันหอย,"['', 'tea_spoon', 'spoon', 'table_spoon', 'ladle', 'gram', 'cup', 'dipper', 'min', 'avg', 'drops']",0,0,0,0,0,0,0,0,0,0,0,0,0,0,0,0,0,0,0,0,0,0,0,0,0,0,0,0,0,0,0,0,0,0,0,0,0,0,0,0,0,0,0,0,0,0,0,0
7,น้ำมัน(?!(หอย|พริกเผา|งา))|olive oil|oil,"['', 'กระฉอกใหญ่', 'ใช้ผัด', 'กะทะ', 'กระทะ', 'กระปุก', 'ซอง', 'กระฉอกเล็ก', 'กะเองนะ', 'ฉีด', 'กระป๋อง', 'ของกระทะ', 'ใช้ทอด', 'สเปรย์', 'tea_spoon', 'spoon', 'table_spoon', 'ladle', 'gram', 'milligram', 'litre', 'bottle', 'oz', 'cup', 'dipper', 'min', 'avg', 'millitre']",0,0,0,0,0,x,0,0,0,0,x,0,0,0,0,0,x,0,0,0,0,0,0,0,0,0,0,0,0,0,0,0,0,0,0,0,0,0,0,0,0,0,0,0,0,0,0,0
8,น้ำเปล่า|น้ำสะอาด|น้ำต้มสุก|^น้ำ$|น้ำเย็น|น้ำร้อน|น้ำดื่ม|น้ำอุ่น|น้ำสำหรับต้มเส้น,"['', 'กระทะ', 'ท่วมหมู', 'ถ้วน', 'ต้มเส้น', 'หม้อ', 'ใส่ท่วมหมู', 'ข้อนิ้ว', 'ใส่/ซอส', 'ก้อน', 'ขัน', 'tea_spoon', 'spoon', 'table_spoon', 'ladle', 'kilogram', 'gram', 'milligram', 'litre', 'glass', 'bottle', 'cup', 'dipper', 'min', 'avg', 'plate', 'millitre']",0,0,0,0,0,0,0,0,0,0,0,x,x,0,0,0,0,0,0,0,0,0,0,0,0,0,0,0,0,0,0,0,0,0,0,0,0,x,0,0,0,x,0,0,0,0,0,0
9,ซีอิ๊วขาว|ซีอิ้วขาว|ซอสถั่วเหลือง|ซีอิ๋วขาว|สี่อิ๋วขาวสูตร1|ซีอิ้วปรุงรส|^ซีอิ๊ว$|ซี๊อิ๋วขาว|ซีอิ้ว ขาว|ซีอิ้ว|ชีอิ้วขาว|ซี้อิ้วขาว|ซีอี๊วขาว|ชีอิ๊วขาว|ซีอิ๋ว|ซี่อิ๋วขาวสูตร1|สี่อิ๋วขาวสูตร 2|soy sauce|ซีอี้วขาว|ซีอี๋วขาว|สี่อิ๋วขาวสูตร|สี่อิ่ว,"['', 'ขาว', 'ห่อ', 'ซ้อนโต้ะ', 'tea_spoon', 'spoon', 'table_spoon', 'ladle', 'gram', 'cup', 'dipper', 'min', 'avg', 'drops']",0,x,0,0,0,0,0,0,0,x,0,0,0,0,0,0,0,0,0,0,0,0,0,0,0,0,0,0,0,0,0,0,0,0,0,0,0,0,0,0,0,0,0,0,0,0,0,0
10,^(?!.*ซอส|หมู).*พริกไทย.*|พริกไท|black pepper|Red Pepper Flakes,"['', 'ส.', 'บด', 'ท่อนใบตอง', 'พวงเล็ก', 'อก', 'ชิ้น', 'ฝัก', 'หัว', 'ก้าน', 'ซอง', 'ห่อเล็ก', 'พวง', 'ช่อ', 'ห่อ', 'เม็ด', 'แพ็ก', 'กิ่ง', 'tea_spoon', 'spoon', 'table_spoon', 'kilogram', 'gram', 'hundred_gram', 'hand', 'pick', 'cup', 'min', 'avg', 'buble', 'drops']",x,x,0,x,0,0,0,0,0,0,x,0,0,0,0,x,0,x,0,0,x,x,0,x,0,0,x,0,0,0,0,x,x,0,x,0,x,0,0,0,x,0,0,0,0,0,0,0
11,ต้นหอม|ต้มหอม|ตันหอม,"['', 'ส.', 'บาท', 'เส้น', 'ซอย', 'ต้น', 'หัว', 'อย่างละ ต้น', 'นิ้ว', 'ใบ', 'ต้น หั่นท่อน', 'ท่อน', 'มัด', 'tea_spoon', 'spoon', 'table_spoon', 'gram', 'hundred_gram', 'hand', 'pick', 'cup', 'min', 'avg', 'plate']",0,0,0,x,0,0,0,0,x,0,0,0,x,0,x,0,0,x,0,0,0,0,0,x,0,0,0,x,0,0,0,0,0,0,0,0,0,x,0,0,0,0,x,0,0,0,0,0
12,แครอท|แคร์รอต|แครท|ผักสามสี,"['', 'ต้นเล็ก', 'ชิ้น', 'ผล', 'แท่ง', 'เส้น', 'ต้น', 'แผ่น', 'หัว', 'อัน', 'ลูก', 'นึง', 'หัวใหญ่', 'นิ้ว', 'แว่น', 'ท่อน', 'หัวเล็ก', 'tea_spoon', 'spoon', 'table_spoon', 'gram', 'milligram', 'hundred_gram', 'hand', 'pick', 'cup', 'min', 'avg']",x,0,x,x,0,0,0,0,x,0,0,0,x,x,0,0,0,0,0,x,0,0,x,x,x,0,0,0,0,0,0,0,0,x,0,0,0,x,0,0,0,0,0,0,0,0,0,0
13,^(?!.*บะหมี่|ผง|กระดูก|ลูกชิ้น|ซี่โครง|ตับ|น้ำมัน|น้ำสต๊อก|คนอร์|แหนม|กุนเชียง|กาก|รสดี|ซุป|น้ำ|แคป|ซอส|มัน|กระเทียม|ไส้กรอก|เลือด|แฮม).*หมู(?!ยอ|กรอบ|หยอง|แดง|แฮม).*|สามชั้นสไลซ์|สันคอ,"['', 'ไม้', 'แพ๊ค', 'บาท', 'ชิ้น', 'เส้น', 'ลิ้น', 'โครง', 'แพค', 'แผ่น', 'ขา', 'หาง', 'ห่อ', 'ชิ้นใหญ่', 'ก้อนเล็ก', 'แพ็ค', 'ก้อน', 'tea_spoon', 'spoon', 'table_spoon', 'ladle', 'kilogram', 'gram', 'hundred_gram', 'cup', 'min', 'avg', 'buble', 'plate']",x,x,0,0,0,0,0,0,0,x,0,x,x,0,x,0,0,0,0,x,0,x,x,0,0,0,0,0,0,0,0,0,0,0,0,0,0,0,0,0,x,0,0,0,0,x,0,0
14,^(?!.*เส้น)(.*ข้าวสวย|^ข้าว$|ข้าวกล้อง.*|ข้าวสาร|ข้าวเปล่า|ข้าวหอมมะลิ|ข้าวเย็น|ข้าวหุงสุก|ข้าวญี่ปุ่น|ข้าวสุก|ข้าวแช่เย็น|ข้าวหอม|ข้าวเสาไห้|ข้าวบาสมาติ),"['', 'คนทาน', 'หม้อหุงข้าว', 'บาท', 'กป.', 'ถ้วน', 'ที่', 'กระป๋องตวงช', 'ถุง', 'หม้อ', '/', 'table_spoon', 'ladle', 'gram', 'hand', 'cup', 'min', 'avg', 'plate']",0,0,0,0,x,0,0,0,0,0,0,0,0,0,x,0,x,0,0,0,0,0,0,0,0,0,0,0,0,0,0,0,0,0,0,0,0,0,0,0,0,x,0,0,0,0,0,0
15,มะนาว,"['', 'ลูกใหญ่', 'ชิ้น', 'ผล', 'ซีก', 'แผ่น', 'ชีก', 'ซอง', 'ลูก', 'ใบ', 'tea_spoon', 'spoon', 'table_spoon', 'ladle', 'milligram', 'lobe', 'cup', 'min', 'avg']",x,0,x,0,0,0,0,0,0,0,x,0,0,0,0,0,0,x,0,x,0,0,0,0,x,0,0,0,0,0,0,0,0,0,0,0,0,0,0,0,0,0,0,x,0,0,0,0
16,พริกขี้หนู,"['', 'ชิ้น', 'เม็ด เม็ดเล็ก', 'สีละ  เม็ด', 'พริก', 'ดอก', 'เม็ด', 'เมล็ด', 'tea_spoon', 'spoon', 'table_spoon', 'gram', 'hundred_gram', 'hand', 'lobe', 'cup', 'min', 'avg']",x,0,0,0,0,0,0,0,0,0,0,0,0,0,0,x,0,0,0,0,0,0,0,0,0,0,0,0,x,0,0,0,0,0,0,0,0,0,0,0,0,0,0,0,0,0,0,0
17,^(?!.*ไข่|มัน|มาม่า).*กุ้ง(?!แห้ง).*,"['', 'ชิ้น', 'ทั้งซอง', 'ตัวใหญ่', 'ซอง', 'ห่อ', 'ตัว', 'tea_spoon', 'spoon', 'table_spoon', 'kilogram', 'gram', 'hundred_gram', 'hand', 'cup', 'min', 'avg']",x,x,0,0,0,0,0,0,0,0,x,0,0,0,0,0,0,0,0,0,0,0,0,0,0,x,0,0,0,0,0,0,0,0,0,0,0,0,0,0,0,0,0,0,0,0,0,0
18,^(?!.*ซอส|ซ้อส).*มะเขือเทศ.*,"['', 'กระป๋อง', 'ลูกใหญ่', 'กล่อง', 'ชิ้น', 'ผล', 'แพค', 'หัว', 'ซอง', 'ลูก', 'ลุก', 'ลูกเล็ก', 'หัวใหญ่', 'spoon', 'table_spoon', 'kilogram', 'gram', 'hundred_gram', 'cup', 'min', 'avg', 'plate', 'millitre']",x,0,x,x,0,0,0,0,0,0,x,0,0,0,0,0,x,0,0,0,0,x,0,0,x,0,0,0,0,x,0,0,0,0,0,0,0,0,0,0,x,0,0,0,0,0,0,0
19,หอมใหญ่|หอมหัวใหญ่|หัวหอม|หอมแขก|หอมซอย|หอมเล็กเจียว|^หอม$|หัวใหญ่,"['', 'ส.', 'ลูกใหญ่', 'บาท', 'ผล', 'ต้น', 'ซีก', 'หัว', 'ซอง', 'ลูก', 'ลูกเล็ก', 'หัวใหญ่', 'ดอก', 'ซอยหัว', 'ท่อน', 'หัวเล็ก', 'spoon', 'table_spoon', 'kilogram', 'gram', 'hundred_gram', 'pick', 'lobe', 'cup', 'min', 'avg', 'millitre']",0,0,x,x,0,0,0,0,x,0,x,0,0,0,x,0,0,0,0,0,0,0,0,x,x,0,0,0,x,0,0,0,0,0,0,0,0,0,0,0,0,0,x,x,0,0,0,0
20,รากผักชี,"['', 'ต้น', ',ราก', 'ราก', 'หัว', 'ชิ้น', 'tea_spoon', 'table_spoon', 'kilogram', 'gram', 'min', 'avg']",x,0,0,x,0,0,0,0,x,0,0,0,0,0,0,0,0,0,0,0,0,0,0,0,0,0,0,0,0,0,0,0,0,0,0,0,0,0,x,0,0,0,0,0,0,0,0,0
21,หอมแดง|หอมเจียว|หอมเเดง,"['', 'บาท', 'หัว', 'ลูก', 'ลูกเล็ก', 'หัวใหญ่', 'ซอยหัว', 'เม็ด', 'หัวเล็ก', 'tea_spoon', 'spoon', 'table_spoon', 'gram', 'hundred_gram', 'hand', 'pick', 'lobe', 'cup', 'min', 'avg']",0,0,x,x,0,0,0,0,0,0,0,0,0,0,x,x,0,0,0,0,0,0,0,0,0,0,0,0,0,0,0,0,0,0,0,0,0,0,0,0,0,0,x,0,0,0,0,0
22,พริกแห้ง,"['', 'เม็ด', 'ดอก', 'ลูก', 'spoon', 'table_spoon', 'ladle', 'gram', 'hand', 'cup', 'min', 'avg']",0,0,x,0,0,0,0,0,0,0,0,0,0,0,0,x,0,0,0,0,0,0,0,0,0,0,0,0,x,0,0,0,0,0,0,0,0,0,0,0,0,0,0,0,0,0,0,0
23,พริกป่น,"['', 'tea_spoon', 'spoon', 'table_spoon', 'gram', 'cup', 'min', 'avg']",0,0,0,0,0,0,0,0,0,0,0,0,0,0,0,0,0,0,0,0,0,0,0,0,0,0,0,0,0,0,0,0,0,0,0,0,0,0,0,0,0,0,0,0,0,0,0,0
24,^(?!.*ราก|ลูก).*ผักชี.*|ผง coriander,"['', 'ก้่าน', 'บาท', 'ต้น', 'แพค', 'หัว', 'ก้าน', 'อย่างละ ต้น', 'ราก', 'ต้ร', 'ใบ', 'มัด', 'กิ่ง', 'tea_spoon', 'spoon', 'table_spoon', 'gram', 'hundred_gram', 'hand', 'pick', 'cup', 'min', 'avg']",0,0,0,x,0,0,0,0,x,0,0,0,0,0,x,0,0,x,0,0,x,x,0,0,0,0,0,x,0,0,0,x,0,0,0,0,0,0,x,0,x,0,0,0,0,0,0,0
25,ซอสมะเขือเทศ|ซ้อสมะเขือเทศ,"['', 'ซอง', 'tea_spoon', 'spoon', 'table_spoon', 'ladle', 'gram', 'bottle', 'cup', 'min', 'avg']",0,0,0,0,0,0,0,0,0,0,x,0,0,0,0,0,0,0,0,0,0,0,0,0,0,0,0,0,0,0,0,0,0,0,0,0,0,0,0,0,0,0,0,0,0,0,0,0
26,ใบมะกรูด|ใบมะกูด|มะกรูด,"['', 'ต้น', 'ลูก', 'ใบ', 'กิ่ง', 'tea_spoon', 'table_spoon', 'gram', 'hundred_gram', 'pick', 'min', 'avg']",0,0,x,0,0,0,0,0,x,0,0,0,0,0,0,0,0,x,0,0,0,0,0,0,0,0,0,0,0,0,0,x,0,0,0,0,0,0,0,0,0,0,0,0,0,0,0,0
27,น้ำมันงา,"['', 'tea_spoon', 'spoon', 'table_spoon', 'cup', 'min', 'avg']",0,0,0,0,0,0,0,0,0,0,0,0,0,0,0,0,0,0,0,0,0,0,0,0,0,0,0,0,0,0,0,0,0,0,0,0,0,0,0,0,0,0,0,0,0,0,0,0
28,^พริก$|พริกสด|พริกจินดา|พริกแดง|พริกใหญ่|พริกสับ|พริกอ่อน|พริกตำ|พริกซอย|พริกทอด|พริกสีแดง|พริกหั่น|พริกคั่ว|พริก+|พริกหั่นเฉียง,"['', 'แผ่น', 'ห่อเล็ก', 'ช่อ', 'กิ่ง', 'บด', 'เม็ดใหญ่', 'อก', 'หัว', 'กระปุก', 'อัน', 'ซอง', 'พวง', 'พริก', 'ห่อ', 'ส.', 'บาท', 'ผล', 'ฝัก', 'ถุง', 'อย่างละ  ลูก', 'ลูกเล็ก', 'ดอก', 'เมล็ด', 'ท่อนใบตอง', 'กระป๋อง', 'พวงเล็ก', 'ชิ้น', 'ซองเล็ก', 'ต้น', 'เม็ด เม็ดเล็ก', 'ก้าน', 'ลูก', 'สีละ  เม็ด', 'ดอด', 'เม็ด', 'แพ็ก', 'tea_spoon', 'spoon', 'table_spoon', 'ladle', 'kilogram', 'gram', 'milligram', 'bottle', 'hundred_gram', 'hand', 'pick', 'lobe', 'cup', 'dipper', 'min', 'avg', 'buble', 'millitre', 'drops']",x,x,x,x,x,0,0,0,x,0,x,0,0,x,x,x,x,x,0,x,x,x,0,x,x,0,x,0,x,0,0,x,x,0,x,0,x,0,0,0,x,0,0,0,0,0,0,0
29,โหระพา|ใบโหรพา|โหรพา,"['', 'บาท', 'ต้น', 'ก้าน', 'ช่อ', 'ใบ', 'ยอด', 'มัด', 'กิ่ง', 'tea_spoon', 'table_spoon', 'gram', 'hundred_gram', 'hand', 'pick', 'cup', 'min', 'avg']",0,0,0,0,0,0,0,x,x,0,0,0,0,0,x,0,0,x,0,0,x,0,0,0,0,0,0,x,0,0,0,x,0,0,0,0,x,0,0,0,0,0,0,0,0,0,0,0
30,ถั่วฝักยาว|ถั่วฟักยาว|ถั่วผักยาว|ถัวฝักยาว,"['', 'ต้น', 'ฝัก', 'อัน', 'เส้น', 'table_spoon', 'gram', 'hundred_gram', 'cup', 'min', 'avg', 'buble']",0,0,0,0,0,0,0,0,x,0,0,0,x,x,0,0,0,0,0,0,0,0,0,0,0,0,x,0,0,0,0,0,0,0,0,0,0,0,0,0,0,0,0,0,0,0,0,0
31,ใบกะเพรา|ใบกระเพรา|กระเพรา|กะเพรา|ใบกระเพา|ใบกระ เพรา แดง|กระเพา|Basil,"['', 'บาท', 'ต้น', 'แพค', 'ก้าน', 'ใบ', 'ขยุ้ม', 'แพ็ค', 'มัด', 'กิ่ง', 'tea_spoon', 'table_spoon', 'kilogram', 'gram', 'hundred_gram', 'hand', 'pick', 'cup', 'min', 'avg']",0,0,0,0,0,0,0,0,x,0,0,0,0,0,x,0,0,x,0,0,x,x,0,0,0,0,0,x,0,0,0,x,0,0,0,0,0,0,0,0,x,0,0,0,0,0,0,x
32,^(?!.*ไส้กรอก|ไข่|เลือด|น้ำ|ผง|โครง|ตีน|เครื่องใน|เต้าหู้|ซี่โครง|ขา|ซอส|ตับ).*ไก่(?!จ๊อ|ไข่).*|chicken,"['', 'น่อง', 'บาท', 'อก', 'ชิ้น', 'เส้น', 'กล่องนึง', 'อัน', 'อกใหญ', 'ซอง', 'ลูก', 'ดวง', 'ห่อ', 'ชิ้น/ ชิ้น', 'ตัว', 'ขิ้น', 'ก้อน', 'ชิ้นใหญ่', 'ปีก', 'แพ็ค', 'tea_spoon', 'spoon', 'table_spoon', 'kilogram', 'gram', 'hundred_gram', 'lobe', 'cup', 'min', 'avg', 'buble']",x,x,x,0,0,0,0,0,0,0,x,x,x,x,x,0,0,0,0,0,0,x,0,0,0,x,0,0,0,x,0,0,0,0,x,0,0,0,0,0,x,0,0,0,x,0,x,0
33,^ซีอิ๊วดำ$|^ซีอิ้วดำ$|ซีอิ๋วดำ(?!หวาน)|สี่อิ๋วดำสูตรเค็ม,"['', 'tea_spoon', 'spoon', 'table_spoon', 'gram', 'cup', 'min', 'avg', 'drops']",0,0,0,0,0,0,0,0,0,0,0,0,0,0,0,0,0,0,0,0,0,0,0,0,0,0,0,0,0,0,0,0,0,0,0,0,0,0,0,0,0,0,0,0,0,0,0,0
34,ถั่วงอก,"['', 'ถุงเล็ก', 'บาท', 'ถุง', 'เพ็ค', 'spoon', 'kilogram', 'gram', 'hundred_gram', 'hand', 'pick', 'cup', 'avg']",0,0,0,0,x,0,0,0,0,0,0,0,0,0,x,0,0,0,0,0,0,x,0,0,0,0,0,0,0,0,0,0,0,0,0,0,0,0,0,0,0,0,0,0,0,0,0,0
35,คะน้า,"['', 'ต้น', 'ก้าน', 'ใบ', 'ยอด', 'มัด', 'กัาน', 'kilogram', 'gram', 'hundred_gram', 'hand', 'cup', 'avg']",0,0,0,0,0,0,0,x,x,0,0,0,0,0,0,0,0,x,0,0,x,0,0,0,0,0,0,x,0,0,0,0,0,0,0,0,0,0,0,0,0,0,0,0,0,0,0,0
36,ข้าวโพดอ่อน,"['', 'ชิ้น', 'แท่ง', 'ต้น', 'ฝัก', 'แพค', 'หัว', 'อัน', 'ผัก', 'ฝักเล็ก', 'ท่อน', 'แพ็ค', 'tea_spoon', 'gram', 'cup', 'min', 'avg', 'buble']",x,0,0,x,0,0,0,0,x,0,0,0,0,x,0,0,0,0,0,0,0,x,x,x,0,0,x,0,0,0,0,0,0,0,0,0,0,0,0,0,x,0,0,0,0,0,0,0
37,เนย,"['', 'ชิ้น', 'ก้อนเล็ก', 'ใช้ทากะทะ', 'ก้อน', 'tea_spoon', 'spoon', 'table_spoon', 'gram', 'cup', 'min', 'avg']",x,0,0,0,0,0,0,0,0,0,0,x,0,0,0,0,0,0,0,0,0,0,0,0,0,0,0,0,0,0,0,0,0,0,0,0,0,0,0,0,0,0,0,0,0,0,0,0
38,แป้งทอดกรอบ|แป้งชุบทอด|แป้งโกกิ|แป้งทอด|แป้งสำหรับทอด|แป้งทอดกรอบคนอร์,"['', 'ชิ้น', 'ซอง', 'ถุง', 'ห่อ', 'ชุบไก่', 'spoon', 'table_spoon', 'ladle', 'gram', 'cup', 'min', 'avg', 'plate']",x,x,0,0,x,0,0,0,0,0,x,0,0,0,0,0,0,0,0,0,0,0,0,0,0,0,0,0,0,0,0,0,0,0,0,0,0,0,0,0,0,0,0,0,0,0,0,0
39,แป้งมัน,"['', 'tea_spoon', 'spoon', 'table_spoon', 'gram', 'milligram', 'cup', 'min']",0,0,0,0,0,0,0,0,0,0,0,0,0,0,0,0,0,0,0,0,0,0,0,0,0,0,0,0,0,0,0,0,0,0,0,0,0,0,0,0,0,0,0,0,0,0,0,0
40,^(?!.*ซอส|ซีอิ๊ว|ผงปรุงรส|ซีอิ้ว|คนอร์).*เห็ด.*,"['', 'ดอกใหญ่', 'กระป๋อง', 'ดอก ใหญ่', 'กล่อง', 'ชิ้น', 'ต้น', 'แพค', 'หัว', 'อัน', 'ห่อเล็ก', 'โคนใหญ่', 'ลูก', 'กอด', 'ถุง', 'ห่อ', 'ดิก', 'ดอก', 'ใบ', 'แพ็ค', 'ก้อน', 'tea_spoon', 'table_spoon', 'kilogram', 'gram', 'hundred_gram', 'hand', 'cup', 'avg', 'plate']",x,x,x,x,x,0,0,0,x,0,0,x,0,x,0,0,x,x,0,0,0,x,0,0,0,0,0,0,x,x,0,0,0,0,0,0,0,0,0,0,x,0,0,0,0,0,0,0
41,เส้นสปาเก็ตตี้|เส้นสปาเกตตี้|สปาเก็ตตี้|สปาเกตตี้|เส้นสปาเกตตี|สปาเกตตี,"['', 'ถุงเล็ก', 'แท่ง', 'ซองเล็ก', 'ห่อเล็ก', 'ซอง', 'ถุง', 'ห่อ', 'โอเค', 'มัด', 'kilogram', 'gram', 'hand', 'pick', 'cup', 'min', 'avg', 'plate']",0,x,0,0,x,0,0,0,0,0,x,0,x,0,0,0,0,0,0,0,0,0,x,0,0,0,0,x,0,0,0,0,0,0,0,0,0,0,0,0,0,0,0,0,0,0,0,0
42,เต้าเจี้ยว|เต้าเจี๊ยว|เต้าเจียว,"['', 'tea_spoon', 'spoon', 'table_spoon', 'ladle', 'gram', 'cup', 'min', 'avg']",0,0,0,0,0,0,0,0,0,0,0,0,0,0,0,0,0,0,0,0,0,0,0,0,0,0,0,0,0,0,0,0,0,0,0,0,0,0,0,0,0,0,0,0,0,0,0,0
43,โชยุ|ซีอิ๊วญี่ปุ่น|โชวยุ|Soba tsuyu,"['', 'ซอง', 'tea_spoon', 'spoon', 'table_spoon', 'cup', 'min', 'avg']",0,0,0,0,0,0,0,0,0,0,x,0,0,0,0,0,0,0,0,0,0,0,0,0,0,0,0,0,0,0,0,0,0,0,0,0,0,0,0,0,0,0,0,0,0,0,0,0
44,ตะไคร้|ตะใคร้,"['', 'ชิ้น', 'ต้น', 'หัว', 'ก้าน', 'ต้า', 'แว่น', 'ท่อน', 'tea_spoon', 'table_spoon', 'gram', 'hand', 'cup', 'min', 'avg']",x,0,0,x,0,0,0,0,x,0,0,0,0,0,0,0,0,0,0,0,x,0,0,x,0,0,0,0,0,0,0,0,0,x,0,0,0,0,0,0,0,0,0,0,0,0,0,0
45,^(?!.*ไข่).*ปลาหมึก.*|^หมึก|หมึกกล้วย,"['', 'ตัวเล็ก', 'ชิ้น', 'ตัวใหญ่', 'ลูก', 'ตัว', 'ชิ้นใหญ่', 'ตัวขนาดกลาง', 'ต้ว', 'kilogram', 'gram', 'hundred_gram', 'cup', 'min', 'avg']",x,0,x,0,0,0,0,0,0,0,0,0,0,0,0,0,0,0,0,0,0,0,0,0,0,x,0,0,0,0,0,0,0,0,0,0,0,0,0,0,0,0,0,0,0,0,0,0
46,น้ำพริกเผา,"['กระป๋อง', 'ซอง', 'tea_spoon', 'spoon', 'table_spoon', 'gram', 'cup', 'min', 'avg']",0,0,0,0,0,0,0,0,0,0,x,0,0,0,0,0,x,0,0,0,0,0,0,0,0,0,0,0,0,0,0,0,0,0,0,0,0,0,0,0,0,0,0,0,0,0,0,0
47,เบคอน,"['', 'แผ่นอวบๆ', 'แผ่นยาว', 'แผ่น', 'ห่อ', 'ชิ้น', 'เส้น', 'table_spoon', 'kilogram', 'gram', 'hundred_gram', 'cup', 'avg']",x,x,0,0,0,0,0,0,0,0,0,0,x,0,0,0,0,0,0,x,0,0,0,0,0,0,0,0,0,0,0,0,0,0,0,0,0,0,0,0,0,0,0,0,0,0,0,0
48,ไส้กรอก,"['', 'ชิ้น', 'แท่ง', 'เส้น', 'ดุ้น', 'อัน', 'ห่อเล็ก', 'ถุง', 'แพคเล็ก', 'ห่อ', 'ท่อน', 'แพ็ค', 'kilogram', 'gram', 'hundred_gram', 'cup', 'avg']",x,x,0,0,x,0,0,0,0,0,0,0,x,x,0,0,0,0,0,0,0,x,x,x,0,0,0,0,0,0,0,0,0,0,0,0,0,0,0,0,x,0,0,0,0,0,0,0
49,^นม(?!ข้น),"['กล่อง', 'กล่่อง', 'กล่องเล็ก', 'tea_spoon', 'spoon', 'table_spoon', 'gram', 'milligram', 'glass', 'bottle', 'oz', 'cup', 'min', 'avg', 'millitre']",0,0,0,0,0,0,0,0,0,0,0,0,0,0,0,0,0,0,0,0,0,0,0,0,0,0,0,0,0,x,0,0,0,0,0,0,0,0,0,0,0,0,0,0,0,0,0,0
50,ซอสพริก,"['', 'ห่อ', 'ซอง', 'tea_spoon', 'spoon', 'table_spoon', 'ladle', 'gram', 'bottle', 'cup', 'dipper', 'min', 'avg', 'millitre']",0,x,0,0,0,0,0,0,0,0,x,0,0,0,0,0,0,0,0,0,0,0,0,0,0,0,0,0,0,0,0,0,0,0,0,0,0,0,0,0,0,0,0,0,0,0,0,0
51,วุ้นเส้น|^เส้น$,"['', 'ถุง', 'ถุงเล็ก', 'หอ', 'ห่อ', 'ห่อกลาง', 'ต่อถุง', 'ซองเล็ก', 'ห่อเล็ก', 'ซอง', 'gram', 'hand', 'pick', 'cup', 'min', 'avg']",0,x,0,0,x,0,0,0,0,0,x,0,0,0,0,0,0,0,0,0,0,0,0,0,0,0,0,0,0,0,0,0,0,0,0,0,0,0,0,0,0,0,0,0,0,0,0,0
52,น้ำซุป|น้ำซุบ,"['', 'ชุด', 'ซอง', 'ถุง', 'tea_spoon', 'table_spoon', 'ladle', 'milligram', 'litre', 'oz', 'cup', 'dipper', 'min', 'avg', 'plate', 'millitre']",0,0,0,0,x,0,0,0,0,0,x,0,0,0,0,0,0,0,0,0,0,0,0,0,0,0,0,0,0,0,x,0,0,0,0,0,0,0,0,0,0,0,0,0,0,0,0,0
53,ผักกาด|ผัดกาดขาว|ผักคอส,"['', 'กระป๋อง', 'กระป๋องเล็ก', 'หัวเล็ก  หัว', 'ชิ้น', 'ต้น', 'หัว', 'หัวใหญ่', 'ใบ', 'ใบใหญ่', 'หัวเล็ก', 'ก้อน', 'kilogram', 'gram', 'hand', 'lobe', 'cup', 'avg']",x,0,0,x,0,0,0,0,x,0,0,x,0,0,0,0,x,x,0,0,0,0,0,0,0,0,0,0,0,0,0,0,0,0,0,0,0,0,0,0,0,0,0,0,0,0,0,0
54,^กะปิ,"['', 'tea_spoon', 'spoon', 'table_spoon', 'gram', 'min', 'avg']",0,0,0,0,0,0,0,0,0,0,0,0,0,0,0,0,0,0,0,0,0,0,0,0,0,0,0,0,0,0,0,0,0,0,0,0,0,0,0,0,0,0,0,0,0,0,0,0
55,พริกชี้ฟ้า|พริกเหลือง,"['', 'ต้น', 'เม็ด', 'อัน', 'ดอก', 'ลูก', 'spoon', 'table_spoon', 'gram', 'pick', 'cup', 'min', 'avg']",0,0,x,0,0,0,0,0,x,0,0,0,0,x,0,x,0,0,0,0,0,0,0,0,0,0,0,0,x,0,0,0,0,0,0,0,0,0,0,0,0,0,0,0,0,0,0,0
56,กะทิ|กระทิ,"['', 'กระป๋อง', 'กล่อง', 'กล่องเล็ก', 'tea_spoon', 'table_spoon', 'ladle', 'kilogram', 'gram', 'milligram', 'litre', 'bottle', 'cup']",0,0,0,0,0,0,0,0,0,0,0,0,0,0,0,0,x,0,0,0,0,0,0,0,0,0,0,0,0,x,0,0,0,0,0,0,0,0,0,0,0,0,0,0,0,0,0,0
57,เส้นใหญ่|เส้นไหญ่|^เส้น$,"['', 'แพค', 'ถุง', 'ห่อ', 'kilogram', 'gram', 'hundred_gram', 'pick', 'cup', 'avg']",0,x,0,0,x,0,0,0,0,0,0,0,0,0,0,0,0,0,0,0,0,x,0,0,0,0,0,0,0,0,0,0,0,0,0,0,0,0,0,0,x,0,0,0,0,0,0,0
58,^(?!.*ดอก)กะหล่ำ(?!.*ดอก.*)|กะหล่ำปลี|กระหล่ำปลี,"['', 'หัว', 'ลูก', 'หัวใหญ่', 'ใข', 'ใบ', 'ซีกเล็ก', 'หัวเล็ก', 'table_spoon', 'gram', 'hundred_gram', 'hand', 'cup', 'min', 'avg', 'plate']",0,0,x,x,0,0,0,0,0,0,0,0,0,0,0,0,0,x,0,0,0,0,0,0,0,0,0,0,0,0,0,0,0,0,0,0,0,0,0,0,0,0,0,x,0,0,0,0
59,ผักบุ้ง,"['', 'ต้น', 'ถาด', 'มัด', 'แพ็ก', 'gram', 'hundred_gram', 'hand', 'pick', 'cup', 'min', 'avg', 'plate']",0,0,0,0,0,0,x,0,x,0,0,0,0,0,0,0,0,0,0,0,0,x,0,0,0,0,0,x,0,0,0,0,0,0,0,0,0,0,0,0,x,0,0,0,0,0,0,0
60,แฮม,"['แผ่น', 'อัน', 'ชิ้น', 'ชิ้นใหญ่', 'gram', 'avg']",x,0,0,0,0,0,0,0,0,0,0,0,0,x,0,0,0,0,0,x,0,0,0,0,0,0,0,0,0,0,0,0,0,0,0,0,0,0,0,0,0,0,0,0,0,0,0,0
61,หมูยอ,"['แถว', 'ชิ้น', 'แท่ง', 'เส้น', 'อันเล็ก', 'อัน', 'แท่งกลาง', 'ห่อ', 'แท่งเล็ก', 'ท่อน', 'ก้อนเล็ก', 'ท่อนใบตอง', 'table_spoon', 'kilogram', 'gram', 'hundred_gram', 'cup', 'avg']",x,x,0,0,0,0,0,0,0,0,0,x,x,x,0,0,0,x,0,0,0,0,x,x,0,0,0,0,0,0,0,0,0,0,0,0,0,0,0,0,0,0,0,0,0,0,0,0
62,แตงกวา,"['', 'ลูกเล็ก', 'ลูกใหญ่', 'ผักเครื่องเคียง', 'หัว', 'ชิ้น', 'ผล', 'ลูก', 'gram', 'avg']",x,0,x,x,0,0,0,0,0,0,0,0,0,0,0,0,0,0,0,0,0,0,0,0,x,0,0,0,0,0,0,0,0,0,0,0,0,0,0,0,0,0,0,0,0,0,0,0
63,กุ้งแห้ง,"['', 'ตัว', 'บาท', 'tea_spoon', 'spoon', 'table_spoon', 'gram', 'hundred_gram', 'hand', 'pick', 'cup', 'min', 'avg']",0,0,0,0,0,0,0,0,0,0,0,0,0,0,x,0,0,0,0,0,0,0,0,0,0,x,0,0,0,0,0,0,0,0,0,0,0,0,0,0,0,0,0,0,0,0,0,0
64,มิริน,"['', 'tea_spoon', 'spoon', 'table_spoon', 'ladle', 'cup', 'min', 'avg']",0,0,0,0,0,0,0,0,0,0,0,0,0,0,0,0,0,0,0,0,0,0,0,0,0,0,0,0,0,0,0,0,0,0,0,0,0,0,0,0,0,0,0,0,0,0,0,0
65,น้ำมะขามเปียก|น้ำมะขาวเปียก|น้ำมะขาม,"['', 'tea_spoon', 'spoon', 'table_spoon', 'ladle', 'gram', 'cup', 'dipper', 'min', 'avg']",0,0,0,0,0,0,0,0,0,0,0,0,0,0,0,0,0,0,0,0,0,0,0,0,0,0,0,0,0,0,0,0,0,0,0,0,0,0,0,0,0,0,0,0,0,0,0,0
66,ต้นกระเทียม,"['ต้น', 'gram', 'avg']",0,0,0,0,0,0,0,0,x,0,0,0,0,0,0,0,0,0,0,0,0,0,0,0,0,0,0,0,0,0,0,0,0,0,0,0,0,0,0,0,0,0,0,0,0,0,0,0
67,ถั่วเน่า,"['แผ่น', 'กล่อง', 'table_spoon']",0,0,0,0,0,0,0,0,0,0,0,0,0,0,0,0,0,0,0,x,0,0,0,0,0,0,0,0,0,x,0,0,0,0,0,0,0,0,0,0,0,0,0,0,0,0,0,0
68,หญ้าหวาน,"['', 'ซองเล็ก', 'tea_spoon', 'gram', 'avg']",0,0,0,0,0,0,0,0,0,0,x,0,0,0,0,0,0,0,0,0,0,0,0,0,0,0,0,0,0,0,0,0,0,0,0,0,0,0,0,0,0,0,0,0,0,0,0,0
69,ขึ้นฉ่าย|คื่นช่าย|คึ่นช่าย|ขึ้นช่าย|คื่นไช้|คื่นไฉ่|ตั้งโอ๋,"['', 'บาท', 'ต้น', 'ราก', 'ท่อน', 'มัด', 'spoon', 'table_spoon', 'gram', 'hand', 'cup', 'min', 'avg']",0,0,0,0,0,0,0,0,x,0,0,0,0,0,x,0,0,0,0,0,0,0,0,x,0,0,0,x,0,0,0,0,0,0,0,0,0,0,x,0,0,0,0,0,0,0,0,0
70,มันฝรั่ง,"['', 'หัวเล็ก', 'หัวใหญ่', 'หัว', 'ลูก', 'tea_spoon', 'kilogram', 'gram', 'cup', 'avg']",0,0,x,x,0,0,0,0,0,0,0,0,0,0,0,0,0,0,0,0,0,0,0,0,0,0,0,0,0,0,0,0,0,0,0,0,0,0,0,0,0,0,0,0,0,0,0,0
71,น้ำส้มสายชู|น้ำส้ม,"['', 'เม็ด', 'tea_spoon', 'spoon', 'table_spoon', 'ladle', 'gram', 'bottle', 'lobe', 'cup', 'dipper', 'min', 'avg']",0,0,0,0,0,0,0,0,0,0,0,0,0,0,0,x,0,0,0,0,0,0,0,0,0,0,0,0,0,0,0,0,0,0,0,0,0,0,0,0,0,0,0,0,0,0,0,0
72,ใบบัวบก,"['gram', 'min']",0,0,0,0,0,0,0,0,0,0,0,0,0,0,0,0,0,0,0,0,0,0,0,0,0,0,0,0,0,0,0,0,0,0,0,0,0,0,0,0,0,0,0,0,0,0,0,0
73,แป้งขนมปัง,['gram'],0,0,0,0,0,0,0,0,0,0,0,0,0,0,0,0,0,0,0,0,0,0,0,0,0,0,0,0,0,0,0,0,0,0,0,0,0,0,0,0,0,0,0,0,0,0,0,0
74,ซีรัป,['table_spoon'],0,0,0,0,0,0,0,0,0,0,0,0,0,0,0,0,0,0,0,0,0,0,0,0,0,0,0,0,0,0,0,0,0,0,0,0,0,0,0,0,0,0,0,0,0,0,0,0
75,เส้นเฟตตูชินี,"['ปริมาณตามหน้าซองบรรจุ', 'gram', 'hand']",0,0,0,0,0,0,0,0,0,0,x,0,0,0,0,0,0,0,0,0,0,0,0,0,0,0,0,0,0,0,0,0,0,0,0,0,0,0,0,0,0,0,0,0,0,0,0,0
76,ข่า,"['', 'ชิ้น', 'หัว', 'แง่ง', 'หัวใหญ่', 'แว่น', 'ท่อน', 'หัวเล็ก', 'tea_spoon', 'spoon', 'table_spoon', 'gram', 'hundred_gram', 'hand', 'min']",x,0,0,x,0,0,0,0,0,0,0,0,0,0,0,0,0,0,0,0,0,0,0,x,0,0,0,0,0,0,0,0,0,x,0,x,0,0,0,0,0,0,0,0,0,0,0,0
77,มาม่า|บะหมี่กึ่งสำเร็จรูป|เส้นหมี่ไวไว|ไวไว|หมี่กึง,"['', 'ห่อตามภาพ ต้มได้  คน', 'ชอง', 'ซอง/กระป๋อง', 'ห่อ', 'ก้อน', 'ห่อเล็ก', 'ซอง', 'เส้น', 'ทั้งซอง', 'table_spoon', 'gram', 'milligram', 'cup', 'avg', 'plate']",0,x,0,0,0,0,0,0,0,0,x,x,x,0,0,0,0,0,0,0,0,0,0,0,0,0,0,0,0,0,0,0,0,0,0,0,0,0,0,0,0,0,0,0,0,0,0,0
78,น้ำผึ้ง,"['เส้น', 'tea_spoon', 'table_spoon', 'ladle', 'cup', 'avg']",0,0,0,0,0,0,0,0,0,0,0,0,x,0,0,0,0,0,0,0,0,0,0,0,0,0,0,0,0,0,0,0,0,0,0,0,0,0,0,0,0,0,0,0,0,0,0,0
79,^(?!.*ซอส|แป้งทอด).*(คนอร์|รสดี).*|อร่อยชัวร์|ผงปรุงรส|เครื่องปรุงรส|ซุปก้อน|ผงซุปหมูก้อน|ชูรส|ผงซุป|ผงเติมทิพ|ผงดาชิ|ผงปาปริก้า|ดาชิ|ปาปริก้า|เครื่องปรุง|ผงปาปริกา|italian seasoning|ผงนัว|ผงหม่าล่า|ซุปหมูก้อน|ผงหมาล่า|ผงโรยข้าว,"['', 'ซองเล็ก', 'ชุด', 'ใส่ไม่ใส่ก็ได้', 'ซอง', 'ห่อ', 'กัอน', 'ก้อนเล็ก', 'ก้อน', 'ชุบไก่', 'tea_spoon', 'spoon', 'table_spoon', 'gram', 'milligram', 'cup', 'min', 'avg']",0,x,0,0,0,0,0,0,0,0,x,x,0,0,0,0,0,0,0,0,0,0,0,0,0,0,0,0,0,0,x,0,0,0,0,0,0,0,0,0,0,0,0,0,0,0,0,0
80,ซอสเห็ดหอม|ซอสเห็ด หอม,"['', 'tea_spoon', 'spoon', 'table_spoon']",0,0,0,0,0,0,0,0,0,0,0,0,0,0,0,0,0,0,0,0,0,0,0,0,0,0,0,0,0,0,0,0,0,0,0,0,0,0,0,0,0,0,0,0,0,0,0,0
81,ไชเท้า,"['', 'หัวกลาง', 'หัวเล็ก', 'หัว', 'อัน', 'ลูก']",0,0,x,x,0,0,0,0,0,0,0,0,0,x,0,0,0,0,0,0,0,0,0,0,0,0,0,0,0,0,0,0,0,0,0,0,0,0,0,0,0,0,0,0,0,0,0,0
82,พริกแกง,"['', 'บาท', 'ซองเล็ก', 'ห่อ', 'tea_spoon', 'spoon', 'table_spoon', 'ladle', 'kilogram', 'gram', 'hundred_gram', 'cup', 'avg']",0,x,0,0,0,0,0,0,0,0,x,0,0,0,x,0,0,0,0,0,0,0,0,0,0,0,0,0,0,0,0,0,0,0,0,0,0,0,0,0,0,0,0,0,0,0,0,0
83,แป้งข้าวโพด,"['tea_spoon', 'spoon', 'table_spoon', 'ladle', 'gram', 'cup', 'min']",0,0,0,0,0,0,0,0,0,0,0,0,0,0,0,0,0,0,0,0,0,0,0,0,0,0,0,0,0,0,0,0,0,0,0,0,0,0,0,0,0,0,0,0,0,0,0,0
84,ซีอิ้วดำหวาน|ซีอิ๊วดำหวาน|ซีอิ๊วหวาน|สี่อิ๋วหวาน|สี่อิ๋วดำสูตรหวาน|ซี๊อิ๋วดำหวาน,"['', 'ห่อ', 'tea_spoon', 'spoon', 'table_spoon', 'ladle', 'cup', 'avg']",0,x,0,0,0,0,0,0,0,0,0,0,0,0,0,0,0,0,0,0,0,0,0,0,0,0,0,0,0,0,0,0,0,0,0,0,0,0,0,0,0,0,0,0,0,0,0,0
85,กุนเชียง,"['', 'เส้นกลาง', 'ท่อน', 'แท่งยาว', 'แท่ง', 'เส้นยาว', 'ชิ้นโต', 'แท่งเล็ก', 'อัน', 'ชิ้น', 'เส้น', 'table_spoon', 'gram', 'cup', 'min', 'avg']",x,0,0,0,0,0,0,0,0,0,0,0,x,x,0,0,0,0,0,0,0,0,x,x,0,0,0,0,0,0,0,0,0,0,0,0,0,0,0,0,0,0,0,0,0,0,0,0
86,ข้าวคั่ว,"['tea_spoon', 'spoon', 'table_spoon', 'avg']",0,0,0,0,0,0,0,0,0,0,0,0,0,0,0,0,0,0,0,0,0,0,0,0,0,0,0,0,0,0,0,0,0,0,0,0,0,0,0,0,0,0,0,0,0,0,0,0
87,กวางตุ้ง,"['', 'ต้น', 'ก้าน', 'บาท', 'ต้นใหญ่', 'kilogram', 'gram', 'hand', 'avg']",0,0,0,0,0,0,0,0,x,0,0,0,0,0,x,0,0,0,0,0,x,0,0,0,0,0,0,0,0,0,0,0,0,0,0,0,0,0,0,0,0,0,0,0,0,0,0,0
88,ลูกชิ้น,"['', 'ถุง', 'ไม้', 'ถุงเล็ก', 'แพ็ค', 'ห่อ', 'ชิ้น', 'ลูก', 'kilogram', 'gram', 'hundred_gram', 'cup', 'min', 'avg']",x,x,x,0,x,0,0,0,0,0,0,0,0,0,0,0,0,0,0,0,0,x,x,0,0,0,0,0,0,0,0,0,0,0,0,0,0,0,0,0,x,0,0,0,0,0,0,0
89,ไข่เป็ด,"['', 'ใบ', 'buble']",0,0,0,0,0,0,0,0,0,0,0,0,0,0,0,0,0,x,0,0,0,0,0,0,0,0,0,0,0,0,0,0,0,0,0,0,0,0,0,0,0,0,0,0,0,0,0,0
90,ปลากระป๋อง,"['กะป๋อง', 'กระปุก', 'กป.', 'กระป๋อง']",0,0,0,0,0,0,0,0,0,0,0,0,0,0,0,0,x,0,0,0,0,0,0,0,0,0,0,0,0,0,0,0,0,0,0,0,0,0,0,0,0,0,0,0,0,0,0,0
91,ผักสลัด,"['', 'ก้าน', 'ห่อ', 'ต้นใหญ่', 'ใบ', 'กอง', 'gram', 'hundred_gram', 'hand', 'cup', 'min', 'avg', 'plate']",0,x,0,0,0,0,0,0,x,0,0,0,0,0,0,0,0,x,0,0,x,0,0,0,0,0,0,0,0,0,0,0,0,0,0,0,0,0,0,0,0,0,0,0,0,0,0,0
92,^กระดูกหมู$|กระดูกเล้ง|เล้ง,"['ถุง', 'ชิ้น', 'เส้น', 'kilogram', 'gram', 'hundred_gram', 'avg']",x,0,0,0,x,0,0,0,0,0,0,0,x,0,0,0,0,0,0,0,0,0,0,0,0,0,0,0,0,0,0,0,0,0,0,0,0,0,0,0,0,0,0,0,0,0,0,0
93,ปูอัด,"['', 'แพค', 'ก่อเล็ก', 'อัน', 'ชิ้น', 'แท่ง', 'gram', 'hundred_gram', 'hand', 'avg']",x,0,0,0,0,0,0,0,0,0,0,0,0,x,0,0,0,0,0,0,0,x,x,0,0,0,0,0,0,0,0,0,0,0,0,0,0,0,0,0,x,0,0,0,0,0,0,0
94,เกล็ดขนมปัง|เกร็ดขนมปัง,"['', 'spoon', 'table_spoon', 'gram', 'cup', 'min', 'avg']",0,0,0,0,0,0,0,0,0,0,0,0,0,0,0,0,0,0,0,0,0,0,0,0,0,0,0,0,0,0,0,0,0,0,0,0,0,0,0,0,0,0,0,0,0,0,0,0
95,เส้นโซบะ,"['ห่อ', 'มัดเล็ก', 'gram']",0,x,0,0,0,0,0,0,0,0,0,0,0,0,0,0,0,0,0,0,0,0,0,0,0,0,0,x,0,0,0,0,0,0,0,0,0,0,0,0,0,0,0,0,0,0,0,0
96,น้ำหวานดอกมะพร้าว,['tea_spoon'],0,0,0,0,0,0,0,0,0,0,0,0,0,0,0,0,0,0,0,0,0,0,0,0,0,0,0,0,0,0,0,0,0,0,0,0,0,0,0,0,0,0,0,0,0,0,0,0
97,น้ำจิ้มหมูหัน,"['tea_spoon', 'table_spoon']",0,0,0,0,0,0,0,0,0,0,0,0,0,0,0,0,0,0,0,0,0,0,0,0,0,0,0,0,0,0,0,0,0,0,0,0,0,0,0,0,0,0,0,0,0,0,0,0
98,ถั่วแระญี่ปุ่น,"['gram', 'cup']",0,0,0,0,0,0,0,0,0,0,0,0,0,0,0,0,0,0,0,0,0,0,0,0,0,0,0,0,0,0,0,0,0,0,0,0,0,0,0,0,0,0,0,0,0,0,0,0
99,เต้าหู้ไข่,"['ถุง', 'อัน', 'หลอด', 'ก้อน', 'ชิ้น']",x,0,0,0,x,0,0,0,0,0,0,x,0,x,0,0,0,0,0,0,0,0,0,0,0,0,0,0,0,0,0,0,0,0,0,0,0,0,0,x,0,0,0,0,0,0,0,0
100,ปลาร้า,"['tea_spoon', 'spoon', 'table_spoon', 'ladle', 'kilogram', 'bottle', 'cup', 'dipper', 'avg']",0,0,0,0,0,0,0,0,0,0,0,0,0,0,0,0,0,0,0,0,0,0,0,0,0,0,0,0,0,0,0,0,0,0,0,0,0,0,0,0,0,0,0,0,0,0,0,0
101,^(?!.*น้ำ).*งา.*,"['', 'tea_spoon', 'spoon', 'table_spoon', 'ladle', 'kilogram', 'gram', 'hundred_gram', 'min', 'avg']",0,0,0,0,0,0,0,0,0,0,0,0,0,0,0,0,0,0,0,0,0,0,0,0,0,0,0,0,0,0,0,0,0,0,0,0,0,0,0,0,0,0,0,0,0,0,0,0
102,ถั่วลันเตา|ผักสามสี,"['', 'แพ็กเล็ก', 'ถุง', 'ฝัก', 'ชิ้น', 'spoon', 'kilogram', 'gram', 'hundred_gram', 'cup', 'avg', 'plate']",x,0,0,0,x,0,0,0,0,0,0,0,0,0,0,0,0,0,0,0,0,x,0,0,0,0,x,0,0,0,0,0,0,0,0,0,0,0,0,0,x,0,0,0,0,0,0,0
103,ถั่วลันเตา,"['', 'แพ็กเล็ก', 'ถุง', 'ฝัก', 'ชิ้น', 'kilogram', 'gram', 'hundred_gram', 'cup', 'avg', 'plate']",x,0,0,0,x,0,0,0,0,0,0,0,0,0,0,0,0,0,0,0,0,x,0,0,0,0,x,0,0,0,0,0,0,0,0,0,0,0,0,0,x,0,0,0,0,0,0,0
104,กระชาย,"['ก้าน', 'แง่ง', 'แท่ง', 'หัว', 'บาท', 'table_spoon', 'gram', 'hundred_gram', 'hand', 'pick', 'lobe', 'rhizome', 'cup', 'avg']",0,0,0,x,0,0,0,0,0,0,0,0,0,0,x,0,0,0,0,0,x,0,x,0,0,0,0,0,0,0,0,0,0,0,0,x,0,0,0,0,0,0,0,0,0,0,0,0
105,ผงชูรส,"['', 'tea_spoon', 'table_spoon', 'gram', 'min', 'avg']",0,0,0,0,0,0,0,0,0,0,0,0,0,0,0,0,0,0,0,0,0,0,0,0,0,0,0,0,0,0,0,0,0,0,0,0,0,0,0,0,0,0,0,0,0,0,0,0
106,ขนมจีน,"['', 'ห่อ', 'ตะกร้า', 'บาท', 'ชุด', 'kilogram', 'gram', 'hand', 'cup', 'avg']",0,x,0,0,0,0,0,0,0,0,0,0,0,0,x,0,0,0,0,0,0,0,0,0,0,0,0,0,0,0,x,0,0,0,0,0,0,0,0,0,0,0,0,0,0,0,0,0
107,^(?!.*ผัก).*ชีส.*|Mozzarella cheese,"['', 'ถุง', 'กระป๋อง', 'แผ่น', 'as desire', 'ชิ้น', 'แท่ง', 'เส้น', 'table_spoon', 'gram', 'hundred_gram', 'hand', 'cup', 'min', 'avg']",x,0,0,0,x,0,0,0,0,0,0,0,x,0,0,0,x,0,0,x,0,0,x,0,0,0,0,0,0,0,0,0,0,0,0,0,0,0,0,0,0,0,0,0,0,0,0,0
108,พริกหยวก|พริกสามสี,"['', 'ดอด', 'เม็ด', 'เม็ดใหญ่', 'หัว', 'ดอก', 'อัน', 'ผล', 'ลูก', 'gram', 'cup', 'min', 'avg']",0,0,x,x,0,0,0,0,0,0,0,0,0,x,0,x,0,0,0,0,0,0,0,0,x,0,0,0,x,0,0,0,0,0,0,0,0,0,0,0,0,0,0,0,0,0,0,0
109,เส้นหมี่(?!ซั่ว|ฮกเกี้ยน|เหลือง|ไวไว|หมี่ขาว)|หมี่ขาว|^เส้น$,"['', 'ห่อเล็ก', 'ซอง', 'ห่อใหญ่', 'ถุง', 'ห่อ', 'ก้อน', 'kilogram', 'gram', 'hundred_gram', 'hand', 'cup', 'min', 'avg', 'plate']",0,x,0,0,x,0,0,0,0,0,x,x,0,0,0,0,0,0,0,0,0,0,0,0,0,0,0,0,0,0,0,0,0,0,0,0,0,0,0,0,0,0,0,0,0,0,0,0
110,มะเขือเปราะ,"['', 'ผล', 'ลูก', 'gram', 'avg']",0,0,x,0,0,0,0,0,0,0,0,0,0,0,0,0,0,0,0,0,0,0,0,0,x,0,0,0,0,0,0,0,0,0,0,0,0,0,0,0,0,0,0,0,0,0,0,0
111,พริกเผา,"['กระป๋อง', 'ซอง', 'tea_spoon', 'spoon', 'table_spoon', 'gram', 'milligram', 'cup', 'min', 'avg']",0,0,0,0,0,0,0,0,0,0,x,0,0,0,0,0,x,0,0,0,0,0,0,0,0,0,0,0,0,0,0,0,0,0,0,0,0,0,0,0,0,0,0,0,0,0,0,0
112,ซี่โครงหมู,"['แผ่น', 'ชิ้น', 'เส้น', 'ชิ้นใหญ่', 'kilogram', 'gram', 'hundred_gram']",x,0,0,0,0,0,0,0,0,0,0,0,x,0,0,0,0,0,0,x,0,0,0,0,0,0,0,0,0,0,0,0,0,0,0,0,0,0,0,0,0,0,0,0,0,0,0,0
113,เหล้า|สาเก,"['tea_spoon', 'spoon', 'table_spoon', 'cup', 'lid']",0,0,0,0,0,0,0,0,0,0,0,0,0,0,0,0,0,0,0,0,0,0,0,0,0,0,0,0,0,0,0,0,0,0,0,0,0,0,0,0,0,0,0,0,0,0,0,0
114,กิมจิ,"['ถุง', 'ถุงเล็ก', 'ห่อ', 'spoon', 'table_spoon', 'gram', 'cup', 'avg']",0,x,0,0,x,0,0,0,0,0,0,0,0,0,0,0,0,0,0,0,0,0,0,0,0,0,0,0,0,0,0,0,0,0,0,0,0,0,0,0,0,0,0,0,0,0,0,0
115,ออริกาโน่|อาริกาโน|ออริกาโน|oregano,"['', 'tea_spoon', 'spoon', 'table_spoon', 'min', 'avg']",0,0,0,0,0,0,0,0,0,0,0,0,0,0,0,0,0,0,0,0,0,0,0,0,0,0,0,0,0,0,0,0,0,0,0,0,0,0,0,0,0,0,0,0,0,0,0,0
116,มายองเนส,"['', 'ถุง', 'tea_spoon', 'table_spoon', 'gram', 'min', 'avg', 'millitre']",0,0,0,0,x,0,0,0,0,0,0,0,0,0,0,0,0,0,0,0,0,0,0,0,0,0,0,0,0,0,0,0,0,0,0,0,0,0,0,0,0,0,0,0,0,0,0,0
117,น้ำจิ้มสุกี้,"['', 'table_spoon', 'gram', 'bottle', 'cup', 'min', 'avg']",0,0,0,0,0,0,0,0,0,0,0,0,0,0,0,0,0,0,0,0,0,0,0,0,0,0,0,0,0,0,0,0,0,0,0,0,0,0,0,0,0,0,0,0,0,0,0,0
118,ขิง,"['', 'ชิ้น', 'หัว', 'แง่ง', 'ข้อนิ้ว', 'แว่น', 'หนึ่งเสี้ยวเล็ก', 'tea_spoon', 'spoon', 'table_spoon', 'gram', 'hundred_gram', 'hand', 'cup', 'min', 'avg']",x,0,0,x,0,0,0,0,0,0,0,0,0,0,0,0,0,0,0,0,0,0,0,0,0,0,0,0,0,0,0,0,0,x,0,x,0,x,0,0,0,0,0,0,0,0,0,0
119,ชะอม,"['แพ', 'มัด', 'gram', 'hand', 'cup', 'avg']",0,0,0,0,0,0,0,0,0,0,0,0,0,0,0,0,0,0,0,0,0,0,0,0,0,0,0,x,0,0,0,0,0,0,0,0,0,0,0,0,x,0,0,0,0,0,0,0
120,^ผัก$|ผักที่ชอบ,"['', 'gram', 'avg']",0,0,0,0,0,0,0,0,0,0,0,0,0,0,0,0,0,0,0,0,0,0,0,0,0,0,0,0,0,0,0,0,0,0,0,0,0,0,0,0,0,0,0,0,0,0,0,0
121,^ผัก$|ผักต่างๆ|ผักสด|ผักเครื่องเคียง|ผักตามชอบ,"['', 'gram', 'avg', 'plate']",0,0,0,0,0,0,0,0,0,0,0,0,0,0,0,0,0,0,0,0,0,0,0,0,0,0,0,0,0,0,0,0,0,0,0,0,0,0,0,0,0,0,0,0,0,0,0,0
122,แหนม|เเหนม,"['', 'แพ๊คเล็ก', 'ท่อนเล็ก', 'เม็ด', 'ท่อน', 'ห่อ', 'ท่อนยาว', 'แท่งเล็ก', 'อัน', 'ชิ้น', 'แท่ง', 'ลูก', 'tea_spoon', 'table_spoon', 'gram', 'hundred_gram']",x,x,x,0,0,0,0,0,0,0,0,0,0,x,0,x,0,0,0,0,0,0,x,x,0,0,0,0,0,0,0,0,0,0,0,0,0,0,0,0,x,0,0,0,0,0,0,0
123,นมข้น,"['กระป๋อง', 'spoon', 'table_spoon', 'milligram', 'cup']",0,0,0,0,0,0,0,0,0,0,0,0,0,0,0,0,x,0,0,0,0,0,0,0,0,0,0,0,0,0,0,0,0,0,0,0,0,0,0,0,0,0,0,0,0,0,0,0
124,มักกะโรนี|มะกะโรนีต้มสุก|มะกะโรนี,"['', 'ห่อ', 'เส้น', 'gram', 'hand', 'cup', 'avg', 'buble', 'plate']",0,x,0,0,0,0,0,0,0,0,0,0,x,0,0,0,0,0,0,0,0,0,0,0,0,0,0,0,0,0,0,0,0,0,0,0,0,0,0,0,0,0,0,0,0,0,0,0
125,อบเชย,"['ท่อน', 'อัน', 'ชิ้น', 'แท่ง', '/', 'tea_spoon', 'gram']",x,0,0,0,0,0,0,0,0,0,0,0,0,x,0,0,0,0,0,0,0,0,x,x,0,0,0,0,0,0,0,0,0,0,0,0,0,0,0,0,0,0,0,0,0,0,0,0
126,ตับ,"['', 'ไม้', 'บาท', 'ตับ', 'ชิ้น', 'พวง', 'ก้อน', 'table_spoon', 'kilogram', 'gram', 'hundred_gram', 'hand', 'cup', 'avg']",x,0,0,0,0,0,0,0,0,0,0,x,0,0,x,0,0,0,0,0,0,0,x,0,0,0,0,0,0,0,0,0,x,0,0,0,0,0,0,0,0,0,0,0,0,0,0,0
127,หมูกรอบ,"['เส้น', 'kilogram', 'gram', 'hundred_gram', 'cup', 'avg']",0,0,0,0,0,0,0,0,0,0,0,0,x,0,0,0,0,0,0,0,0,0,0,0,0,0,0,0,0,0,0,0,0,0,0,0,0,0,0,0,0,0,0,0,0,0,0,0
128,ผักโขม|ผักขม,"['ถุง', 'ต้น', 'แพ็ค', 'table_spoon', 'gram', 'hand', 'cup', 'min', 'avg']",0,0,0,0,x,0,0,0,x,0,0,0,0,0,0,0,0,0,0,0,0,x,0,0,0,0,0,0,0,0,0,0,0,0,0,0,0,0,0,0,x,0,0,0,0,0,0,0
129,เส้นจันทน์,"['kilogram', 'gram']",0,0,0,0,0,0,0,0,0,0,0,0,0,0,0,0,0,0,0,0,0,0,0,0,0,0,0,0,0,0,0,0,0,0,0,0,0,0,0,0,0,0,0,0,0,0,0,0
130,ใบเบย์,['ใบ'],0,0,0,0,0,0,0,0,0,0,0,0,0,0,0,0,0,x,0,0,0,0,0,0,0,0,0,0,0,0,0,0,0,0,0,0,0,0,0,0,0,0,0,0,0,0,0,0
131,ปลาแผ่น,"['ชิ้น', 'แท่ง', 'เส้น']",x,0,0,0,0,0,0,0,0,0,0,0,x,0,0,0,0,0,0,0,0,0,x,0,0,0,0,0,0,0,0,0,0,0,0,0,0,0,0,0,0,0,0,0,0,0,0,0
132,^มันหมู$,"['table_spoon', 'hundred_gram']",0,0,0,0,0,0,0,0,0,0,0,0,0,0,0,0,0,0,0,0,0,0,0,0,0,0,0,0,0,0,0,0,0,0,0,0,0,0,0,0,0,0,0,0,0,0,0,0
133,ขาไก่,"['ขา', 'kilogram']",0,0,0,0,0,0,0,0,0,x,0,0,0,0,0,0,0,0,0,0,0,0,0,0,0,0,0,0,0,0,0,0,0,0,0,0,0,0,0,0,0,0,0,0,0,0,0,0
134,แปะก๊วย,"['เมล็ด', 'gram', 'hundred_gram']",0,0,0,0,0,0,0,0,0,0,0,0,0,0,0,x,0,0,0,0,0,0,0,0,0,0,0,0,0,0,0,0,0,0,0,0,0,0,0,0,0,0,0,0,0,0,0,0
135,วาซาบิ,"['', 'tea_spoon']",0,0,0,0,0,0,0,0,0,0,0,0,0,0,0,0,0,0,0,0,0,0,0,0,0,0,0,0,0,0,0,0,0,0,0,0,0,0,0,0,0,0,0,0,0,0,0,0
136,^ฟัก$,"['ลูก', 'hundred_gram']",0,0,x,0,0,0,0,0,0,0,0,0,0,0,0,0,0,0,0,0,0,0,0,0,0,0,0,0,0,0,0,0,0,0,0,0,0,0,0,0,0,0,0,0,0,0,0,0
137,ไทม์,"['', 'ต้น', 'ก้าน', 'tea_spoon', 'pick']",0,0,0,0,0,0,0,0,x,0,0,0,0,0,0,0,0,0,0,0,x,0,0,0,0,0,0,0,0,0,0,0,0,0,0,0,0,0,0,0,0,0,0,0,0,0,0,0
138,โคชูจัง,"['tea_spoon', 'table_spoon', 'gram', 'cup']",0,0,0,0,0,0,0,0,0,0,0,0,0,0,0,0,0,0,0,0,0,0,0,0,0,0,0,0,0,0,0,0,0,0,0,0,0,0,0,0,0,0,0,0,0,0,0,0
139,ซีอิ๊วเห็ดหอม|ซีอิ้วเห็ดหอม,"['tea_spoon', 'table_spoon', 'cup', 'min', 'avg']",0,0,0,0,0,0,0,0,0,0,0,0,0,0,0,0,0,0,0,0,0,0,0,0,0,0,0,0,0,0,0,0,0,0,0,0,0,0,0,0,0,0,0,0,0,0,0,0
140,ไข่กุ้ง,"['tea_spoon', 'spoon', 'table_spoon', 'gram', 'min', 'avg']",0,0,0,0,0,0,0,0,0,0,0,0,0,0,0,0,0,0,0,0,0,0,0,0,0,0,0,0,0,0,0,0,0,0,0,0,0,0,0,0,0,0,0,0,0,0,0,0
141,^(?!.*น้ำพริก).*มันกุ้ง.*,"['ตัว', 'spoon', 'table_spoon', 'kilogram', 'hundred_gram']",0,0,0,0,0,0,0,0,0,0,0,0,0,0,0,0,0,0,0,0,0,0,0,0,0,x,0,0,0,0,0,0,0,0,0,0,0,0,0,0,0,0,0,0,0,0,0,0
142,^เต้าหู้(?!ไข่),"['หั่นชิ้น', 'กล่อง', 'หลอด', 'ชิ้น', 'แพค', 'แผ่น', 'อัน', 'ลูก', 'ก้อนสี่เหลี่ยม', 'พวง', 'ก้อน', 'table_spoon', 'gram', 'cup', 'avg']",x,0,x,0,0,0,0,0,0,0,0,x,0,x,0,0,0,0,0,x,0,x,0,0,0,0,0,0,0,x,0,0,x,0,0,0,0,0,0,x,x,0,0,0,0,0,0,0
143,ทูน่า,"['', 'กระป๋อง', 'ตัว/กระป๋อง', 'กระป๋องเล็ก', 'ชิ้น', 'table_spoon', 'gram', 'cup']",x,0,0,0,0,0,0,0,0,0,0,0,0,0,0,0,x,0,0,0,0,0,0,0,0,x,0,0,0,0,0,0,0,0,0,0,0,0,0,0,0,0,0,0,0,0,0,0
144,เบค่อน,"['', 'แพค', 'ห่อ', 'เส้น', 'gram', 'avg']",0,x,0,0,0,0,0,0,0,0,0,0,x,0,0,0,0,0,0,0,0,x,0,0,0,0,0,0,0,0,0,0,0,0,0,0,0,0,0,0,x,0,0,0,0,0,0,0
145,กระเฉด|ผักกะเฉด,"['', 'ต้น', 'gram', 'hundred_gram', 'hand', 'cup', 'min', 'avg', 'plate']",0,0,0,0,0,0,0,0,x,0,0,0,0,0,0,0,0,0,0,0,0,0,0,0,0,0,0,0,0,0,0,0,0,0,0,0,0,0,0,0,0,0,0,0,0,0,0,0
146,เกี๊ยว,"['', 'ถุง', 'แผ่น', 'แพ็ค', 'ห่อ', 'ชิ้น', 'ลูก', 'gram', 'cup', 'avg']",x,x,x,0,x,0,0,0,0,0,0,0,0,0,0,0,0,0,0,x,0,x,0,0,0,0,0,0,0,0,0,0,0,0,0,0,0,0,0,0,x,0,0,0,0,0,0,0
147,สะตอ|สตอ,"['', 'ต้น', 'ฝัก', 'เม็ด', 'แพ็ค', 'gram', 'milligram', 'cup', 'avg', 'buble']",0,0,0,0,0,0,0,0,x,0,0,0,0,0,0,x,0,0,0,0,0,x,0,0,0,0,x,0,0,0,0,0,0,0,0,0,0,0,0,0,x,0,0,0,0,0,0,0
148,ถั่วลิสง,"['', 'ถุง', 'tea_spoon', 'table_spoon', 'gram', 'hundred_gram', 'hand', 'cup', 'min', 'avg']",0,0,0,0,x,0,0,0,0,0,0,0,0,0,0,0,0,0,0,0,0,0,0,0,0,0,0,0,0,0,0,0,0,0,0,0,0,0,0,0,0,0,0,0,0,0,0,0
149,เส้นเล็ก|เส้นผัดไท,"['', 'ห่อ', 'หัว', 'gram', 'hand', 'pick', 'cup', 'avg']",0,x,0,x,0,0,0,0,0,0,0,0,0,0,0,0,0,0,0,0,0,0,0,0,0,0,0,0,0,0,0,0,0,0,0,0,0,0,0,0,0,0,0,0,0,0,0,0
150,ซอสเทริยากิ|ซอสเทอริยากิ,"['', 'spoon', 'table_spoon', 'cup']",0,0,0,0,0,0,0,0,0,0,0,0,0,0,0,0,0,0,0,0,0,0,0,0,0,0,0,0,0,0,0,0,0,0,0,0,0,0,0,0,0,0,0,0,0,0,0,0
151,เลือด,"['หลอด', 'ก้อน', 'gram', 'hundred_gram']",0,0,0,0,0,0,0,0,0,0,0,x,0,0,0,0,0,0,0,0,0,0,0,0,0,0,0,0,0,0,0,0,0,0,0,0,0,0,0,x,0,0,0,0,0,0,0,0
152,ฟักทอง,"['', 'ชิ้นเล็ก', 'ลูกเล็ก', 'ชิ้น', 'ลูก', 'gram', 'cup', 'min', 'avg']",x,0,x,0,0,0,0,0,0,0,0,0,0,0,0,0,0,0,0,0,0,0,0,0,0,0,0,0,0,0,0,0,0,0,0,0,0,0,0,0,0,0,0,0,0,0,0,0
153,ใบกระวาน,['ใบ'],0,0,0,0,0,0,0,0,0,0,0,0,0,0,0,0,0,x,0,0,0,0,0,0,0,0,0,0,0,0,0,0,0,0,0,0,0,0,0,0,0,0,0,0,0,0,0,0
154,กุยช่าย|กุ้ยช่าย|กุ่ยช่าย|ใบกุ้ยฉ่าย,"['', 'ต้น', 'นิ้ว', 'table_spoon', 'gram', 'hundred_gram', 'hand', 'cup', 'min', 'avg']",0,0,0,0,0,0,0,0,x,0,0,0,0,0,0,0,0,0,0,0,0,0,0,0,0,0,0,0,0,0,0,0,0,0,0,0,0,x,0,0,0,0,0,0,0,0,0,0
155,ผงกะหรี่|ผงกระหรี่,"['ถุงเล็ก', 'กล่อง', 'ก้อน', 'ซอง', 'tea_spoon', 'spoon', 'table_spoon', 'min']",0,0,0,0,x,0,0,0,0,0,x,x,0,0,0,0,0,0,0,0,0,0,0,0,0,0,0,0,0,x,0,0,0,0,0,0,0,0,0,0,0,0,0,0,0,0,0,0
156,มะเขือพวง,"['ลูก', 'gram', 'hand', 'pick', 'cup', 'avg']",0,0,x,0,0,0,0,0,0,0,0,0,0,0,0,0,0,0,0,0,0,0,0,0,0,0,0,0,0,0,0,0,0,0,0,0,0,0,0,0,0,0,0,0,0,0,0,0
157,มะเขือยาว,"['อัน', 'ผล', 'ลูก', 'kilogram', 'hundred_gram']",0,0,x,0,0,0,0,0,0,0,0,0,0,x,0,0,0,0,0,0,0,0,0,0,x,0,0,0,0,0,0,0,0,0,0,0,0,0,0,0,0,0,0,0,0,0,0,0
158,เส้นก๋วยเตี๋ยว,"['', 'ถุง', 'ห่อเล็ก', 'kilogram', 'gram', 'hand', 'cup', 'avg']",0,x,0,0,x,0,0,0,0,0,0,0,0,0,0,0,0,0,0,0,0,0,0,0,0,0,0,0,0,0,0,0,0,0,0,0,0,0,0,0,0,0,0,0,0,0,0,0
159,น้ำพริก(?!เผา)|พริกหนุ่ม,"['', 'เม็ด', 'บาท', 'tea_spoon', 'spoon', 'table_spoon', 'kilogram', 'gram', 'hundred_gram', 'cup', 'avg']",0,0,0,0,0,0,0,0,0,0,0,0,0,0,x,x,0,0,0,0,0,0,0,0,0,0,0,0,0,0,0,0,0,0,0,0,0,0,0,0,0,0,0,0,0,0,0,0
160,เม็ดมะม่วง,"['', 'ถุงเล็ก', 'tea_spoon', 'table_spoon', 'gram', 'cup', 'min', 'avg']",0,0,0,0,x,0,0,0,0,0,0,0,0,0,0,0,0,0,0,0,0,0,0,0,0,0,0,0,0,0,0,0,0,0,0,0,0,0,0,0,0,0,0,0,0,0,0,0
161,^ข้าวโพด(?!อ่อน)|ผักสามสี,"['', 'ฝัก', 'spoon', 'table_spoon', 'gram', 'hand', 'cup', 'avg', 'buble']",0,0,0,0,0,0,0,0,0,0,0,0,0,0,0,0,0,0,0,0,0,0,0,0,0,0,x,0,0,0,0,0,0,0,0,0,0,0,0,0,0,0,0,0,0,0,0,0
162,เส้นเซี่ยงไฮ้,"['ห่อ', 'gram']",0,x,0,0,0,0,0,0,0,0,0,0,0,0,0,0,0,0,0,0,0,0,0,0,0,0,0,0,0,0,0,0,0,0,0,0,0,0,0,0,0,0,0,0,0,0,0,0
163,เส้นปลา|ปลาเส้น,"['ชิ้น', 'ห่อ', 'เส้น']",x,x,0,0,0,0,0,0,0,0,0,0,x,0,0,0,0,0,0,0,0,0,0,0,0,0,0,0,0,0,0,0,0,0,0,0,0,0,0,0,0,0,0,0,0,0,0,0
164,บะหมี่(?!กึ่ง)|หมี่เหลือง|เส้นหมี่ฮกเกี้ยน|เส้นหมี่เหลือง|หมี่ฮ่องกง|เส้นเหลือง|หมี่หยก|หมี่เบตง|หมี่ฮกเกี้ยน|^เส้น$,"['', 'คนทาน', 'แพ', 'หัว', 'ซอง', 'ถุง', 'ห่อ', 'ก้อน/ที่', 'ก้อน', 'kilogram', 'gram', 'milligram', 'bottle', 'hand', 'pick', 'cup', 'avg']",0,x,0,x,x,0,0,0,0,0,x,x,0,0,0,0,0,0,0,0,0,0,0,0,0,0,0,0,0,0,0,0,0,0,0,0,0,0,0,0,x,0,0,0,0,0,0,0
165,หน่อไม้,"['', 'แท่ง', 'ต้น', 'ถุง', 'หน่อ', 'แพ็ค', 'table_spoon', 'ladle', 'kilogram', 'gram', 'hundred_gram', 'hand', 'cup', 'avg']",0,0,0,0,x,0,0,0,x,0,0,0,0,0,0,0,0,0,0,0,0,x,x,0,0,0,0,0,0,0,0,0,0,0,0,0,0,0,0,0,x,0,0,0,0,0,0,0
166,มะขามเปียก,"['', 'ปั้น', 'ฝัก', 'tea_spoon', 'spoon', 'table_spoon', 'ladle', 'gram', 'cup', 'dipper', 'min', 'avg']",0,0,0,0,0,0,0,0,0,0,0,0,0,0,0,0,0,0,0,0,0,0,0,0,0,0,x,0,0,0,0,0,0,0,0,0,0,0,0,0,0,0,0,0,0,0,0,0
167,แป้งอเนกประสงค์|แป้งสาลีอเนกประสงค์|แป้งสาลี|แป้งเอนกประสงค์,"['', 'spoon', 'table_spoon', 'gram', 'cup']",0,0,0,0,0,0,0,0,0,0,0,0,0,0,0,0,0,0,0,0,0,0,0,0,0,0,0,0,0,0,0,0,0,0,0,0,0,0,0,0,0,0,0,0,0,0,0,0
168,ตั้งฉ่าย|ตังฉ่าย,"['tea_spoon', 'table_spoon', 'pick', 'cup', 'min', 'avg']",0,0,0,0,0,0,0,0,0,0,0,0,0,0,0,0,0,0,0,0,0,0,0,0,0,0,0,0,0,0,0,0,0,0,0,0,0,0,0,0,0,0,0,0,0,0,0,0
169,ดอกกะหล่ำ|กะหล่ำดอก|ดอกกระหล่ำ,"['', 'หัวเล็ก', 'หัวใหญ่', 'หัว', 'ชิ้น', 'gram', 'hand', 'avg']",x,0,0,x,0,0,0,0,0,0,0,0,0,0,0,0,0,0,0,0,0,0,0,0,0,0,0,0,0,0,0,0,0,0,0,0,0,0,0,0,0,0,0,0,0,0,0,0
170,พาสต้า|pasta,"['', 'กระป๋อง', 'ซอง', 'gram', 'hand', 'cup', 'min']",0,0,0,0,0,0,0,0,0,0,x,0,0,0,0,0,x,0,0,0,0,0,0,0,0,0,0,0,0,0,0,0,0,0,0,0,0,0,0,0,0,0,0,0,0,0,0,0
171,^ขนมปัง,"['', 'แผ่น', 'ห่อ', 'แพ็ค', 'ก้อน', 'ชิ้น', 'gram']",x,x,0,0,0,0,0,0,0,0,0,x,0,0,0,0,0,0,0,x,0,x,0,0,0,0,0,0,0,0,0,0,0,0,0,0,0,0,0,0,x,0,0,0,0,0,0,0
172,บล็อคโคลี่|บล๊อคโคลี่|บล็อคโครี่|บล๊อกโคลี่|บรอคคอลลี่|บร็อคโคลี่|บร๊อคโคลี่|บล็อกโคลี่,"['', 'ต้น', 'หัว', 'ก้าน', 'table_spoon', 'gram', 'cup', 'min', 'avg']",0,0,0,x,0,0,0,0,x,0,0,0,0,0,0,0,0,0,0,0,x,0,0,0,0,0,0,0,0,0,0,0,0,0,0,0,0,0,0,0,0,0,0,0,0,0,0,0
173,น้ำเชื่อม,"['', 'tea_spoon', 'spoon', 'table_spoon', 'ladle', 'gram', 'milligram', 'avg']",0,0,0,0,0,0,0,0,0,0,0,0,0,0,0,0,0,0,0,0,0,0,0,0,0,0,0,0,0,0,0,0,0,0,0,0,0,0,0,0,0,0,0,0,0,0,0,0
174,น้ำจิ้มไก่,"['', 'spoon', 'table_spoon', 'bottle']",0,0,0,0,0,0,0,0,0,0,0,0,0,0,0,0,0,0,0,0,0,0,0,0,0,0,0,0,0,0,0,0,0,0,0,0,0,0,0,0,0,0,0,0,0,0,0,0
175,หมี่ซั่ว,"['แพค', 'ห่อ', 'ก้อน', 'ใจ', 'gram', 'hand']",0,x,0,0,0,0,0,0,0,0,0,x,0,0,0,0,0,0,x,0,0,x,0,0,0,0,0,0,0,0,0,0,0,0,0,0,0,0,0,0,x,0,0,0,0,0,0,0
176,โป๊ยกั๊ก,"['ชิ้น', 'ดอก', 'อัน']",x,0,0,0,0,0,0,0,0,0,0,0,0,x,0,0,0,0,0,0,0,0,0,0,0,0,0,0,x,0,0,0,0,0,0,0,0,0,0,0,0,0,0,0,0,0,0,0
177,น้ำกระเทียมดอง,"['table_spoon', 'gram', 'milligram']",0,0,0,0,0,0,0,0,0,0,0,0,0,0,0,0,0,0,0,0,0,0,0,0,0,0,0,0,0,0,0,0,0,0,0,0,0,0,0,0,0,0,0,0,0,0,0,0
178,มะละกอ,"['', 'ลูก', 'gram', 'hand', 'pick', 'cup', 'avg']",0,0,x,0,0,0,0,0,0,0,0,0,0,0,0,0,0,0,0,0,0,0,0,0,0,0,0,0,0,0,0,0,0,0,0,0,0,0,0,0,0,0,0,0,0,0,0,0
179,^(?!.*น้ำ).*มะพร้าว.*,"['', 'หัว', 'tea_spoon', 'table_spoon', 'kilogram', 'gram', 'hundred_gram', 'hand', 'cup']",0,0,0,x,0,0,0,0,0,0,0,0,0,0,0,0,0,0,0,0,0,0,0,0,0,0,0,0,0,0,0,0,0,0,0,0,0,0,0,0,0,0,0,0,0,0,0,0
180,ปู(?!อัด),"['ตัวเล็ก', 'ตัว', 'table_spoon', 'kilogram', 'gram', 'milligram', 'hundred_gram', 'cup', 'avg']",0,0,0,0,0,0,0,0,0,0,0,0,0,0,0,0,0,0,0,0,0,0,0,0,0,x,0,0,0,0,0,0,0,0,0,0,0,0,0,0,0,0,0,0,0,0,0,0
181,^(?!.*เป็ด).*พะโล้,"['ชุด', 'ห่อ', 'ซอง', 'เส้น', 'table_spoon', 'gram', 'hundred_gram', 'avg', 'plate']",0,x,0,0,0,0,0,0,0,0,x,0,x,0,0,0,0,0,0,0,0,0,0,0,0,0,0,0,0,0,x,0,0,0,0,0,0,0,0,0,0,0,0,0,0,0,0,0
182,น้ำสต๊อก|น้ำสต็อก|น้ำสต้อค,"['', 'ก้อน', 'spoon', 'table_spoon', 'cup', 'dipper', 'min', 'plate']",0,0,0,0,0,0,0,0,0,0,0,x,0,0,0,0,0,0,0,0,0,0,0,0,0,0,0,0,0,0,0,0,0,0,0,0,0,0,0,0,0,0,0,0,0,0,0,0
183,หมูหยอง,"['', 'table_spoon', 'hundred_gram', 'pick', 'avg']",0,0,0,0,0,0,0,0,0,0,0,0,0,0,0,0,0,0,0,0,0,0,0,0,0,0,0,0,0,0,0,0,0,0,0,0,0,0,0,0,0,0,0,0,0,0,0,0
184,ตีนไก่,"['ตีน', 'kilogram', 'gram']",0,0,0,0,0,0,0,0,0,0,0,0,0,0,0,0,0,0,0,0,0,0,0,0,0,0,0,0,0,0,0,0,0,0,0,0,0,0,0,0,0,0,0,0,0,0,0,0
185,สับปะรด|สัปปะรด,"['ชิ้นเล็ก', 'หัว', 'ชิ้น', 'ผล', 'ลูก', 'tea_spoon', 'spoon', 'gram', 'milligram', 'cup']",x,0,x,x,0,0,0,0,0,0,0,0,0,0,0,0,0,0,0,0,0,0,0,0,x,0,0,0,0,0,0,0,0,0,0,0,0,0,0,0,0,0,0,0,0,0,0,0
186,ฟองเต้าหู้,"['ถุง', 'แพ', 'แผ่น', 'ห่อ', 'table_spoon', 'gram', 'cup']",0,x,0,0,x,0,0,0,0,0,0,0,0,0,0,0,0,0,0,x,0,0,0,0,0,0,0,0,0,0,0,0,0,0,0,0,0,0,0,0,x,0,0,0,0,0,0,0
187,น้ำสลัด,"['', 'ซอง', 'table_spoon', 'milligram', 'bottle', 'cup', 'avg']",0,0,0,0,0,0,0,0,0,0,x,0,0,0,0,0,0,0,0,0,0,0,0,0,0,0,0,0,0,0,0,0,0,0,0,0,0,0,0,0,0,0,0,0,0,0,0,0
188,มัสตาร์ด,"['', 'tea_spoon', 'spoon', 'table_spoon', 'avg']",0,0,0,0,0,0,0,0,0,0,0,0,0,0,0,0,0,0,0,0,0,0,0,0,0,0,0,0,0,0,0,0,0,0,0,0,0,0,0,0,0,0,0,0,0,0,0,0
189,พริกหวาน,"['เม็ด', 'ลูกเล็ก', 'หัว', 'ลูก', 'table_spoon', 'gram', 'hundred_gram', 'cup', 'min', 'avg']",0,0,x,x,0,0,0,0,0,0,0,0,0,0,0,x,0,0,0,0,0,0,0,0,0,0,0,0,0,0,0,0,0,0,0,0,0,0,0,0,0,0,0,0,0,0,0,0
190,มะระ,"['', 'ลูก', 'อัน', 'gram']",0,0,x,0,0,0,0,0,0,0,0,0,0,x,0,0,0,0,0,0,0,0,0,0,0,0,0,0,0,0,0,0,0,0,0,0,0,0,0,0,0,0,0,0,0,0,0,0
191,แครรอท,"['เส้น', 'หัว', 'gram', 'cup']",0,0,0,x,0,0,0,0,0,0,0,0,x,0,0,0,0,0,0,0,0,0,0,0,0,0,0,0,0,0,0,0,0,0,0,0,0,0,0,0,0,0,0,0,0,0,0,0
192,เก๋ากี้,"['เม็ด', 'table_spoon', 'cup']",0,0,0,0,0,0,0,0,0,0,0,0,0,0,0,x,0,0,0,0,0,0,0,0,0,0,0,0,0,0,0,0,0,0,0,0,0,0,0,0,0,0,0,0,0,0,0,0
193,^(?!.*น้ำ|ซอส|ซอย|นำ้|ซอล|ไวไว|นํ้ามัน).*หอย.*,"['', 'ชิ้น', 'แพค', 'ซอง', 'ห่อ', 'ตัว', 'table_spoon', 'kilogram', 'gram', 'hundred_gram', 'cup', 'avg']",x,x,0,0,0,0,0,0,0,0,x,0,0,0,0,0,0,0,0,0,0,x,0,0,0,x,0,0,0,0,0,0,0,0,0,0,0,0,0,0,x,0,0,0,0,0,0,0
194,อุด้ง,"['ถุง', 'มัด', 'table_spoon', 'gram', 'avg']",0,0,0,0,x,0,0,0,0,0,0,0,0,0,0,0,0,0,0,0,0,0,0,0,0,0,0,x,0,0,0,0,0,0,0,0,0,0,0,0,0,0,0,0,0,0,0,0
195,^มะม่วง,"['', 'ผล', 'ลูก', 'table_spoon', 'gram', 'pick', 'cup', 'min']",0,0,x,0,0,0,0,0,0,0,0,0,0,0,0,0,0,0,0,0,0,0,0,0,x,0,0,0,0,0,0,0,0,0,0,0,0,0,0,0,0,0,0,0,0,0,0,0
196,โครงไก่,"['ชิ้น', 'ตัว', 'โครง']",x,0,0,0,0,0,0,0,0,0,0,0,0,0,0,0,0,0,0,0,0,0,0,0,0,x,0,0,0,0,0,0,0,0,0,0,0,0,0,0,0,0,0,0,0,x,0,0
197,ข้าวไรซ์เบอรี่|ข้าวไรซ์เบอร์รี่,"['ห่อ', 'ladle', 'gram', 'cup', 'min']",0,x,0,0,0,0,0,0,0,0,0,0,0,0,0,0,0,0,0,0,0,0,0,0,0,0,0,0,0,0,0,0,0,0,0,0,0,0,0,0,0,0,0,0,0,0,0,0
198,หมูแดง,"['แผ่น', 'เส้น', 'ซอง', 'gram', 'hundred_gram', 'cup', 'avg', 'plate']",0,0,0,0,0,0,0,0,0,0,x,0,x,0,0,0,0,0,0,x,0,0,0,0,0,0,0,0,0,0,0,0,0,0,0,0,0,0,0,0,0,0,0,0,0,0,0,0
199,โรสแมรี่,"['ก้าน', 'tea_spoon', 'table_spoon', 'pick', 'avg']",0,0,0,0,0,0,0,0,0,0,0,0,0,0,0,0,0,0,0,0,x,0,0,0,0,0,0,0,0,0,0,0,0,0,0,0,0,0,0,0,0,0,0,0,0,0,0,0
200,ต้นอ่อนทานตะวัน|ยอดอ่อนทานตะวัน,"['', 'ถุง', 'ต้น', 'gram', 'hundred_gram', 'cup', 'avg']",0,0,0,0,x,0,0,0,x,0,0,0,0,0,0,0,0,0,0,0,0,0,0,0,0,0,0,0,0,0,0,0,0,0,0,0,0,0,0,0,0,0,0,0,0,0,0,0
201,เส้นยากิโซบะ,"['gram', 'cup']",0,0,0,0,0,0,0,0,0,0,0,0,0,0,0,0,0,0,0,0,0,0,0,0,0,0,0,0,0,0,0,0,0,0,0,0,0,0,0,0,0,0,0,0,0,0,0,0
202,ลูกผักชี,"['ลูก', 'tea_spoon', 'table_spoon', 'pick', 'avg']",0,0,x,0,0,0,0,0,0,0,0,0,0,0,0,0,0,0,0,0,0,0,0,0,0,0,0,0,0,0,0,0,0,0,0,0,0,0,0,0,0,0,0,0,0,0,0,0
203,ไส้อั่ว,"['ชิ้นเล็ก', 'ชิ้น', 'kilogram', 'gram']",x,0,0,0,0,0,0,0,0,0,0,0,0,0,0,0,0,0,0,0,0,0,0,0,0,0,0,0,0,0,0,0,0,0,0,0,0,0,0,0,0,0,0,0,0,0,0,0
204,สะระแหน่|ใบสาระแหน่,"['', 'ต้น', 'gram', 'hand', 'pick', 'cup', 'avg']",0,0,0,0,0,0,0,0,x,0,0,0,0,0,0,0,0,0,0,0,0,0,0,0,0,0,0,0,0,0,0,0,0,0,0,0,0,0,0,0,0,0,0,0,0,0,0,0
205,เส้นก๋วยจั๊บ,"['ห่อ', 'kilogram', 'gram', 'hundred_gram', 'hand', 'cup']",0,x,0,0,0,0,0,0,0,0,0,0,0,0,0,0,0,0,0,0,0,0,0,0,0,0,0,0,0,0,0,0,0,0,0,0,0,0,0,0,0,0,0,0,0,0,0,0
206,ผงฟู,"['tea_spoon', 'spoon', 'table_spoon']",0,0,0,0,0,0,0,0,0,0,0,0,0,0,0,0,0,0,0,0,0,0,0,0,0,0,0,0,0,0,0,0,0,0,0,0,0,0,0,0,0,0,0,0,0,0,0,0
207,ฮอตดอก,"['ชิ้น', 'แท่ง', 'อัน']",x,0,0,0,0,0,0,0,0,0,0,0,0,x,0,0,0,0,0,0,0,0,x,0,0,0,0,0,0,0,0,0,0,0,0,0,0,0,0,0,0,0,0,0,0,0,0,0
208,^(?!.*ลูกชิ้น|หมู).*เนื้อ(?!.*หมู|.*ไก่|กุ้ง|ปลา|ปู|หอย|เป็ด),"['', 'กระป๋อง', 'ชิ้น', 'โครง', 'ใส่/ไม่ใส่', 'ตัว', 'ก้อนเล็ก', 'tea_spoon', 'table_spoon', 'kilogram', 'gram', 'hundred_gram', 'cup', 'avg']",x,0,0,0,0,0,0,0,0,0,0,x,0,0,0,0,x,0,0,0,0,0,0,0,0,x,0,0,0,0,0,0,0,0,0,0,0,0,0,0,0,0,0,0,0,x,0,0
209,^แป้ง$|แป้งชุปทอด,"['ถุง', 'table_spoon']",0,0,0,0,x,0,0,0,0,0,0,0,0,0,0,0,0,0,0,0,0,0,0,0,0,0,0,0,0,0,0,0,0,0,0,0,0,0,0,0,0,0,0,0,0,0,0,0
210,ซอสเย็นตาโฟ,"['', 'table_spoon', 'gram', 'cup']",0,0,0,0,0,0,0,0,0,0,0,0,0,0,0,0,0,0,0,0,0,0,0,0,0,0,0,0,0,0,0,0,0,0,0,0,0,0,0,0,0,0,0,0,0,0,0,0
211,น้ำจิ้มซีฟู้ด,"['table_spoon', 'cup', 'avg']",0,0,0,0,0,0,0,0,0,0,0,0,0,0,0,0,0,0,0,0,0,0,0,0,0,0,0,0,0,0,0,0,0,0,0,0,0,0,0,0,0,0,0,0,0,0,0,0
212,แตงร้าน,"['ผล', 'ลูก']",0,0,x,0,0,0,0,0,0,0,0,0,0,0,0,0,0,0,0,0,0,0,0,0,x,0,0,0,0,0,0,0,0,0,0,0,0,0,0,0,0,0,0,0,0,0,0,0
213,มะเขือม่วง,"['หัว', 'ลูก']",0,0,x,x,0,0,0,0,0,0,0,0,0,0,0,0,0,0,0,0,0,0,0,0,0,0,0,0,0,0,0,0,0,0,0,0,0,0,0,0,0,0,0,0,0,0,0,0
214,กระดูกอ่อน,"['kilogram', 'gram']",0,0,0,0,0,0,0,0,0,0,0,0,0,0,0,0,0,0,0,0,0,0,0,0,0,0,0,0,0,0,0,0,0,0,0,0,0,0,0,0,0,0,0,0,0,0,0,0
215,แป้งข้าวเจ้า,"['table_spoon', 'gram', 'cup']",0,0,0,0,0,0,0,0,0,0,0,0,0,0,0,0,0,0,0,0,0,0,0,0,0,0,0,0,0,0,0,0,0,0,0,0,0,0,0,0,0,0,0,0,0,0,0,0
216,สาหร่าย,"['', 'แผ่น', 'ชิ้น', 'table_spoon', 'hand', 'cup', 'avg']",x,0,0,0,0,0,0,0,0,0,0,0,0,0,0,0,0,0,0,x,0,0,0,0,0,0,0,0,0,0,0,0,0,0,0,0,0,0,0,0,0,0,0,0,0,0,0,0
217,โยเกิร์ต,"['table_spoon', 'gram', 'glass', 'cup']",0,0,0,0,0,0,0,0,0,0,0,0,0,0,0,0,0,0,0,0,0,0,0,0,0,0,0,0,0,0,0,0,0,0,0,0,0,0,0,0,0,0,0,0,0,0,0,0
218,(^ปลา(?!หมึก|กระป๋อง|ร้า|แผ่น|เส้น))|แซลมอน|เนื้อปลา,"['', 'กระป๋อง', 'ชื้น', 'กระป๋องเล็ก', 'ชิ้น', 'แพค', 'ป๋อง', 'ตัวใหญ่', 'ชิ้นเล็ก', 'ตัว/กระป๋อง', 'ตัว', 'ชิ้นใหญ่', 'ชิ้นขนาดกลาง', 'ท่อน', 'ต้ว', 'tea_spoon', 'table_spoon', 'kilogram', 'gram', 'hundred_gram', 'cup', 'avg', 'plate']",x,0,0,0,0,0,0,0,0,0,0,0,0,0,0,0,x,0,0,0,0,x,0,x,0,x,0,0,0,0,0,0,0,0,0,0,0,0,0,0,x,0,0,0,0,0,0,0
219,ผงขมิ้น|^ขมิ้น$,"['แง่ง', 'หัว', 'tea_spoon', 'table_spoon']",0,0,0,x,0,0,0,0,0,0,0,0,0,0,0,0,0,0,0,0,0,0,0,0,0,0,0,0,0,0,0,0,0,0,0,x,0,0,0,0,0,0,0,0,0,0,0,0
220,ก้านพลู,"['ก้าน', 'table_spoon']",0,0,0,0,0,0,0,0,0,0,0,0,0,0,0,0,0,0,0,0,x,0,0,0,0,0,0,0,0,0,0,0,0,0,0,0,0,0,0,0,0,0,0,0,0,0,0,0
221,เส้นบุก,"['ถุง', 'ห่อ', 'gram', 'avg']",0,x,0,0,x,0,0,0,0,0,0,0,0,0,0,0,0,0,0,0,0,0,0,0,0,0,0,0,0,0,0,0,0,0,0,0,0,0,0,0,0,0,0,0,0,0,0,0
222,แขนง,"['ถุง', 'ต้น', 'หัว', 'บาท', 'gram']",0,0,0,x,x,0,0,0,x,0,0,0,0,0,x,0,0,0,0,0,0,0,0,0,0,0,0,0,0,0,0,0,0,0,0,0,0,0,0,0,0,0,0,0,0,0,0,0
223,ซอสภูเขา,"['', 'tea_spoon', 'spoon', 'table_spoon']",0,0,0,0,0,0,0,0,0,0,0,0,0,0,0,0,0,0,0,0,0,0,0,0,0,0,0,0,0,0,0,0,0,0,0,0,0,0,0,0,0,0,0,0,0,0,0,0
224,เครื่องใน,"['ชุด', 'gram', 'avg']",0,0,0,0,0,0,0,0,0,0,0,0,0,0,0,0,0,0,0,0,0,0,0,0,0,0,0,0,0,0,x,0,0,0,0,0,0,0,0,0,0,0,0,0,0,0,0,0
225,ยี่หร่า|ผง cumin,"['', 'ใบ', 'tea_spoon', 'table_spoon', 'gram', 'pick']",0,0,0,0,0,0,0,0,0,0,0,0,0,0,0,0,0,x,0,0,0,0,0,0,0,0,0,0,0,0,0,0,0,0,0,0,0,0,0,0,0,0,0,0,0,0,0,0
226,โบโลน่า,"['', 'แผ่น', 'ห่อ', 'gram']",0,x,0,0,0,0,0,0,0,0,0,0,0,0,0,0,0,0,0,x,0,0,0,0,0,0,0,0,0,0,0,0,0,0,0,0,0,0,0,0,0,0,0,0,0,0,0,0
227,หัวปลี,"['', 'หัว', 'gram', 'min']",0,0,0,x,0,0,0,0,0,0,0,0,0,0,0,0,0,0,0,0,0,0,0,0,0,0,0,0,0,0,0,0,0,0,0,0,0,0,0,0,0,0,0,0,0,0,0,0
228,ครีม,"['กระป๋อง', 'spoon', 'table_spoon', 'gram', 'milligram', 'cup', 'avg']",0,0,0,0,0,0,0,0,0,0,0,0,0,0,0,0,x,0,0,0,0,0,0,0,0,0,0,0,0,0,0,0,0,0,0,0,0,0,0,0,0,0,0,0,0,0,0,0
229,^กากหมู$,"['gram', 'cup', 'min', 'avg']",0,0,0,0,0,0,0,0,0,0,0,0,0,0,0,0,0,0,0,0,0,0,0,0,0,0,0,0,0,0,0,0,0,0,0,0,0,0,0,0,0,0,0,0,0,0,0,0
230,กระเพาะปลา,"['kilogram', 'gram', 'hundred_gram']",0,0,0,0,0,0,0,0,0,0,0,0,0,0,0,0,0,0,0,0,0,0,0,0,0,0,0,0,0,0,0,0,0,0,0,0,0,0,0,0,0,0,0,0,0,0,0,0
231,ไวน์ขาว,"['table_spoon', 'milligram', 'cup']",0,0,0,0,0,0,0,0,0,0,0,0,0,0,0,0,0,0,0,0,0,0,0,0,0,0,0,0,0,0,0,0,0,0,0,0,0,0,0,0,0,0,0,0,0,0,0,0
232,ถั่วหวาน,"['', 'gram', 'hundred_gram', 'min', 'avg']",0,0,0,0,0,0,0,0,0,0,0,0,0,0,0,0,0,0,0,0,0,0,0,0,0,0,0,0,0,0,0,0,0,0,0,0,0,0,0,0,0,0,0,0,0,0,0,0
233,แป้งท้าวยายม่อม|แป้งท้าว|แป้งเท้า,"['', 'spoon', 'table_spoon', 'gram']",0,0,0,0,0,0,0,0,0,0,0,0,0,0,0,0,0,0,0,0,0,0,0,0,0,0,0,0,0,0,0,0,0,0,0,0,0,0,0,0,0,0,0,0,0,0,0,0
234,หมี่กรอบ,"['ถุง', 'ก้อน', 'cup']",0,0,0,0,x,0,0,0,0,0,0,x,0,0,0,0,0,0,0,0,0,0,0,0,0,0,0,0,0,0,0,0,0,0,0,0,0,0,0,0,0,0,0,0,0,0,0,0
235,ตำลึง,"['', 'ต้น', 'gram', 'hand']",0,0,0,0,0,0,0,0,x,0,0,0,0,0,0,0,0,0,0,0,0,0,0,0,0,0,0,0,0,0,0,0,0,0,0,0,0,0,0,0,0,0,0,0,0,0,0,0
236,ซอสเพสโต้,"['spoon', 'table_spoon', 'avg']",0,0,0,0,0,0,0,0,0,0,0,0,0,0,0,0,0,0,0,0,0,0,0,0,0,0,0,0,0,0,0,0,0,0,0,0,0,0,0,0,0,0,0,0,0,0,0,0
237,เครื่องแกงเขียวหวาน,"['table_spoon', 'hundred_gram']",0,0,0,0,0,0,0,0,0,0,0,0,0,0,0,0,0,0,0,0,0,0,0,0,0,0,0,0,0,0,0,0,0,0,0,0,0,0,0,0,0,0,0,0,0,0,0,0
238,หนำเลี๊ยบ,"['เม็ด', 'เมล็ด']",0,0,0,0,0,0,0,0,0,0,0,0,0,0,0,x,0,0,0,0,0,0,0,0,0,0,0,0,0,0,0,0,0,0,0,0,0,0,0,0,0,0,0,0,0,0,0,0
239,ข้าวเหนียว,"['ก้อน', 'kilogram', 'cup']",0,0,0,0,0,0,0,0,0,0,0,x,0,0,0,0,0,0,0,0,0,0,0,0,0,0,0,0,0,0,0,0,0,0,0,0,0,0,0,0,0,0,0,0,0,0,0,0
240,ดอกหอม,"['ต้น', 'gram', 'hundred_gram']",0,0,0,0,0,0,0,0,x,0,0,0,0,0,0,0,0,0,0,0,0,0,0,0,0,0,0,0,0,0,0,0,0,0,0,0,0,0,0,0,0,0,0,0,0,0,0,0
241,^(?!เบคกิ้ง)โซดา|น้ำโซดา,"['bottle', 'cup']",0,0,0,0,0,0,0,0,0,0,0,0,0,0,0,0,0,0,0,0,0,0,0,0,0,0,0,0,0,0,0,0,0,0,0,0,0,0,0,0,0,0,0,0,0,0,0,0
242,ถั่วพู,"['ฝัก', 'gram', 'buble']",0,0,0,0,0,0,0,0,0,0,0,0,0,0,0,0,0,0,0,0,0,0,0,0,0,0,x,0,0,0,0,0,0,0,0,0,0,0,0,0,0,0,0,0,0,0,0,0
243,เส้นแก้ว,"['gram', 'hand']",0,0,0,0,0,0,0,0,0,0,0,0,0,0,0,0,0,0,0,0,0,0,0,0,0,0,0,0,0,0,0,0,0,0,0,0,0,0,0,0,0,0,0,0,0,0,0,0
244,เครื่องต้มยำ,"['ชุด', 'tea_spoon', 'avg']",0,0,0,0,0,0,0,0,0,0,0,0,0,0,0,0,0,0,0,0,0,0,0,0,0,0,0,0,0,0,x,0,0,0,0,0,0,0,0,0,0,0,0,0,0,0,0,0
245,เผือก,"['หัว', 'gram', 'cup']",0,0,0,x,0,0,0,0,0,0,0,0,0,0,0,0,0,0,0,0,0,0,0,0,0,0,0,0,0,0,0,0,0,0,0,0,0,0,0,0,0,0,0,0,0,0,0,0
246,ก้อนแกงกะหรี่ญี่ปุ่น,"['กล่อง', 'แพ็ค', 'ก้อน']",0,0,0,0,0,0,0,0,0,0,0,x,0,0,0,0,0,0,0,0,0,x,0,0,0,0,0,0,0,x,0,0,0,0,0,0,0,0,0,0,x,0,0,0,0,0,0,0
247,โปรตีนเกษตร,"['cup', 'avg']",0,0,0,0,0,0,0,0,0,0,0,0,0,0,0,0,0,0,0,0,0,0,0,0,0,0,0,0,0,0,0,0,0,0,0,0,0,0,0,0,0,0,0,0,0,0,0,0
248,บ๊วยดอง,"['เม็ด', 'ลูก']",0,0,x,0,0,0,0,0,0,0,0,0,0,0,0,x,0,0,0,0,0,0,0,0,0,0,0,0,0,0,0,0,0,0,0,0,0,0,0,0,0,0,0,0,0,0,0,0
249,ไชโป๊ว,"['เส้น', 'table_spoon', 'gram', 'hand', 'pick']",0,0,0,0,0,0,0,0,0,0,0,0,x,0,0,0,0,0,0,0,0,0,0,0,0,0,0,0,0,0,0,0,0,0,0,0,0,0,0,0,0,0,0,0,0,0,0,0
250,แคปหมู,"['cup', 'min']",0,0,0,0,0,0,0,0,0,0,0,0,0,0,0,0,0,0,0,0,0,0,0,0,0,0,0,0,0,0,0,0,0,0,0,0,0,0,0,0,0,0,0,0,0,0,0,0
251,พาร์สลีย์|พาสลี่|พาสลีย์|parsley,"['', 'กิ่ง', 'tea_spoon', 'table_spoon', 'cup', 'min', 'avg']",0,0,0,0,0,0,0,0,0,0,0,0,0,0,0,0,0,0,0,0,0,0,0,0,0,0,0,0,0,0,0,x,0,0,0,0,0,0,0,0,0,0,0,0,0,0,0,0
252,บวบ,"['', 'ลูก', 'อัน', 'cup']",0,0,x,0,0,0,0,0,0,0,0,0,0,x,0,0,0,0,0,0,0,0,0,0,0,0,0,0,0,0,0,0,0,0,0,0,0,0,0,0,0,0,0,0,0,0,0,0
253,ใบเตย,"['ใบ', 'tea_spoon', 'table_spoon', 'avg']",0,0,0,0,0,0,0,0,0,0,0,0,0,0,0,0,0,x,0,0,0,0,0,0,0,0,0,0,0,0,0,0,0,0,0,0,0,0,0,0,0,0,0,0,0,0,0,0
254,ใบเหลียง,"['แพ็ค', 'gram', 'plate']",0,0,0,0,0,0,0,0,0,0,0,0,0,0,0,0,0,0,0,0,0,x,0,0,0,0,0,0,0,0,0,0,0,0,0,0,0,0,0,0,x,0,0,0,0,0,0,0
255,เบคกิ้งโซดา,['tea_spoon'],0,0,0,0,0,0,0,0,0,0,0,0,0,0,0,0,0,0,0,0,0,0,0,0,0,0,0,0,0,0,0,0,0,0,0,0,0,0,0,0,0,0,0,0,0,0,0,0
256,^(?!ไข่)เป็ด|เนื้อเป็ด|อกเป็ด,"['น่อง', 'ชิ้น', 'อก', 'ตัว', 'kilogram', 'gram', 'hundred_gram', 'cup']",x,0,0,0,0,0,0,0,0,0,0,0,0,0,0,0,0,0,0,0,0,0,0,0,0,x,0,0,0,0,0,0,0,0,x,0,0,0,0,0,0,0,0,0,x,0,0,0
257,แมงลัก,"['', 'ต้น', 'gram', 'avg']",0,0,0,0,0,0,0,0,x,0,0,0,0,0,0,0,0,0,0,0,0,0,0,0,0,0,0,0,0,0,0,0,0,0,0,0,0,0,0,0,0,0,0,0,0,0,0,0
258,^ถั่ว$|ถั่วป่น|ถั่วคั่ว,"['บาท', 'table_spoon', 'gram', 'cup', 'avg']",0,0,0,0,0,0,0,0,0,0,0,0,0,0,x,0,0,0,0,0,0,0,0,0,0,0,0,0,0,0,0,0,0,0,0,0,0,0,0,0,0,0,0,0,0,0,0,0
259,^มะเขือ$,"['', 'ลูก']",0,0,x,0,0,0,0,0,0,0,0,0,0,0,0,0,0,0,0,0,0,0,0,0,0,0,0,0,0,0,0,0,0,0,0,0,0,0,0,0,0,0,0,0,0,0,0,0
260,ไก่จ๊อ,"['ชิ้น', 'ลูก']",x,0,x,0,0,0,0,0,0,0,0,0,0,0,0,0,0,0,0,0,0,0,0,0,0,0,0,0,0,0,0,0,0,0,0,0,0,0,0,0,0,0,0,0,0,0,0,0
261,ถั่วแดง,"['เมล็ด', 'avg']",0,0,0,0,0,0,0,0,0,0,0,0,0,0,0,x,0,0,0,0,0,0,0,0,0,0,0,0,0,0,0,0,0,0,0,0,0,0,0,0,0,0,0,0,0,0,0,0
262,ดอกไม้กวาด,['gram'],0,0,0,0,0,0,0,0,0,0,0,0,0,0,0,0,0,0,0,0,0,0,0,0,0,0,0,0,0,0,0,0,0,0,0,0,0,0,0,0,0,0,0,0,0,0,0,0
263,Angel Hair|เส้นแองเจิลแฮร์|เส้น angel hair,"['ห่อ', 'gram']",0,x,0,0,0,0,0,0,0,0,0,0,0,0,0,0,0,0,0,0,0,0,0,0,0,0,0,0,0,0,0,0,0,0,0,0,0,0,0,0,0,0,0,0,0,0,0,0
264,แป้งพิซซ่าสำเร็จ,['แผ่น'],0,0,0,0,0,0,0,0,0,0,0,0,0,0,0,0,0,0,0,x,0,0,0,0,0,0,0,0,0,0,0,0,0,0,0,0,0,0,0,0,0,0,0,0,0,0,0,0
265,ควินัว|คีนัว,"['gram', 'cup']",0,0,0,0,0,0,0,0,0,0,0,0,0,0,0,0,0,0,0,0,0,0,0,0,0,0,0,0,0,0,0,0,0,0,0,0,0,0,0,0,0,0,0,0,0,0,0,0
266,น้ำเลม่อน,['table_spoon'],0,0,0,0,0,0,0,0,0,0,0,0,0,0,0,0,0,0,0,0,0,0,0,0,0,0,0,0,0,0,0,0,0,0,0,0,0,0,0,0,0,0,0,0,0,0,0,0
267,เครื่องยาจีน,"['ชุด', 'ซอง', 'gram']",0,0,0,0,0,0,0,0,0,0,x,0,0,0,0,0,0,0,0,0,0,0,0,0,0,0,0,0,0,0,x,0,0,0,0,0,0,0,0,0,0,0,0,0,0,0,0,0
268,ข้าวโอ๊ต,"['gram', 'milligram', 'cup']",0,0,0,0,0,0,0,0,0,0,0,0,0,0,0,0,0,0,0,0,0,0,0,0,0,0,0,0,0,0,0,0,0,0,0,0,0,0,0,0,0,0,0,0,0,0,0,0
269,ดอกชมจันทร์,"['ถุง', 'gram']",0,0,0,0,x,0,0,0,0,0,0,0,0,0,0,0,0,0,0,0,0,0,0,0,0,0,0,0,0,0,0,0,0,0,0,0,0,0,0,0,0,0,0,0,0,0,0,0
270,เยื่อไผ่,"['ถุง', 'cup']",0,0,0,0,x,0,0,0,0,0,0,0,0,0,0,0,0,0,0,0,0,0,0,0,0,0,0,0,0,0,0,0,0,0,0,0,0,0,0,0,0,0,0,0,0,0,0,0
271,แป้งต็อก,['gram'],0,0,0,0,0,0,0,0,0,0,0,0,0,0,0,0,0,0,0,0,0,0,0,0,0,0,0,0,0,0,0,0,0,0,0,0,0,0,0,0,0,0,0,0,0,0,0,0
272,^มะกอก,"['เม็ด', 'ลูก', 'gram']",0,0,x,0,0,0,0,0,0,0,0,0,0,0,0,x,0,0,0,0,0,0,0,0,0,0,0,0,0,0,0,0,0,0,0,0,0,0,0,0,0,0,0,0,0,0,0,0
273,เครื่องแกงใต้,['table_spoon'],0,0,0,0,0,0,0,0,0,0,0,0,0,0,0,0,0,0,0,0,0,0,0,0,0,0,0,0,0,0,0,0,0,0,0,0,0,0,0,0,0,0,0,0,0,0,0,0
274,ใบชะพลู,"['min', 'avg']",0,0,0,0,0,0,0,0,0,0,0,0,0,0,0,0,0,0,0,0,0,0,0,0,0,0,0,0,0,0,0,0,0,0,0,0,0,0,0,0,0,0,0,0,0,0,0,0
275,มาการีน,"['ก้อน', 'tea_spoon']",0,0,0,0,0,0,0,0,0,0,0,x,0,0,0,0,0,0,0,0,0,0,0,0,0,0,0,0,0,0,0,0,0,0,0,0,0,0,0,0,0,0,0,0,0,0,0,0
276,^แกงกะหรี่|กะหรี่แกง,"['ถาด', 'นึงของกล่อง', 'กล่อง', 'ก้อน', 'ซอง', 'gram']",0,0,0,0,0,0,x,0,0,0,x,x,0,0,0,0,0,0,0,0,0,0,0,0,0,0,0,0,0,x,0,0,0,0,0,0,0,0,0,0,0,0,0,0,0,0,0,0
277,ใบยอ,"['ใบ', 'gram']",0,0,0,0,0,0,0,0,0,0,0,0,0,0,0,0,0,x,0,0,0,0,0,0,0,0,0,0,0,0,0,0,0,0,0,0,0,0,0,0,0,0,0,0,0,0,0,0
278,น้ำบูดู,"['table_spoon', 'cup']",0,0,0,0,0,0,0,0,0,0,0,0,0,0,0,0,0,0,0,0,0,0,0,0,0,0,0,0,0,0,0,0,0,0,0,0,0,0,0,0,0,0,0,0,0,0,0,0
279,ไข่ปลาหมึก,"['gram', 'avg']",0,0,0,0,0,0,0,0,0,0,0,0,0,0,0,0,0,0,0,0,0,0,0,0,0,0,0,0,0,0,0,0,0,0,0,0,0,0,0,0,0,0,0,0,0,0,0,0
280,ดีปลีผง,['tea_spoon'],0,0,0,0,0,0,0,0,0,0,0,0,0,0,0,0,0,0,0,0,0,0,0,0,0,0,0,0,0,0,0,0,0,0,0,0,0,0,0,0,0,0,0,0,0,0,0,0
281,เครื่องตุ๋นยาจีน,"['ซอง', 'avg']",0,0,0,0,0,0,0,0,0,0,x,0,0,0,0,0,0,0,0,0,0,0,0,0,0,0,0,0,0,0,0,0,0,0,0,0,0,0,0,0,0,0,0,0,0,0,0,0
282,เซี่ยงจี้,"['kilogram', 'hundred_gram']",0,0,0,0,0,0,0,0,0,0,0,0,0,0,0,0,0,0,0,0,0,0,0,0,0,0,0,0,0,0,0,0,0,0,0,0,0,0,0,0,0,0,0,0,0,0,0,0
283,น้ำอ้อย,"['table_spoon', 'kilogram']",0,0,0,0,0,0,0,0,0,0,0,0,0,0,0,0,0,0,0,0,0,0,0,0,0,0,0,0,0,0,0,0,0,0,0,0,0,0,0,0,0,0,0,0,0,0,0,0
284,เพนเน่,"['ห่อ', 'gram', 'hand', 'cup']",0,x,0,0,0,0,0,0,0,0,0,0,0,0,0,0,0,0,0,0,0,0,0,0,0,0,0,0,0,0,0,0,0,0,0,0,0,0,0,0,0,0,0,0,0,0,0,0
285,ดอกโสน,['hundred_gram'],0,0,0,0,0,0,0,0,0,0,0,0,0,0,0,0,0,0,0,0,0,0,0,0,0,0,0,0,0,0,0,0,0,0,0,0,0,0,0,0,0,0,0,0,0,0,0,0
286,ซุคคีนี,"['ผล', 'cup']",0,0,0,0,0,0,0,0,0,0,0,0,0,0,0,0,0,0,0,0,0,0,0,0,x,0,0,0,0,0,0,0,0,0,0,0,0,0,0,0,0,0,0,0,0,0,0,0
287,ยีสต์,"['tea_spoon', 'gram']",0,0,0,0,0,0,0,0,0,0,0,0,0,0,0,0,0,0,0,0,0,0,0,0,0,0,0,0,0,0,0,0,0,0,0,0,0,0,0,0,0,0,0,0,0,0,0,0
288,ผักขม,"['cup', 'avg']",0,0,0,0,0,0,0,0,0,0,0,0,0,0,0,0,0,0,0,0,0,0,0,0,0,0,0,0,0,0,0,0,0,0,0,0,0,0,0,0,0,0,0,0,0,0,0,0
289,ถั่วแขก,"['', 'kilogram', 'gram']",0,0,0,0,0,0,0,0,0,0,0,0,0,0,0,0,0,0,0,0,0,0,0,0,0,0,0,0,0,0,0,0,0,0,0,0,0,0,0,0,0,0,0,0,0,0,0,0
290,ลูกกระวาน,['ลูก'],0,0,x,0,0,0,0,0,0,0,0,0,0,0,0,0,0,0,0,0,0,0,0,0,0,0,0,0,0,0,0,0,0,0,0,0,0,0,0,0,0,0,0,0,0,0,0,0
291,น้ำอาจาด,['bottle'],0,0,0,0,0,0,0,0,0,0,0,0,0,0,0,0,0,0,0,0,0,0,0,0,0,0,0,0,0,0,0,0,0,0,0,0,0,0,0,0,0,0,0,0,0,0,0,0
292,ข้าวมัน,"['แว่น', 'table_spoon', 'lobe', 'cup']",0,0,0,0,0,0,0,0,0,0,0,0,0,0,0,0,0,0,0,0,0,0,0,0,0,0,0,0,0,0,0,0,0,x,0,0,0,0,0,0,0,0,0,0,0,0,0,0
293,มันบด,['ชิ้น'],x,0,0,0,0,0,0,0,0,0,0,0,0,0,0,0,0,0,0,0,0,0,0,0,0,0,0,0,0,0,0,0,0,0,0,0,0,0,0,0,0,0,0,0,0,0,0,0
