,ingredient,uniq_unit,ชิ้น,ห่อ,ลูก,หัว,ถุง,กระฉอก,ถาด,ยอด,ต้น,ขา,ซอง,ก้อน,เส้น,อัน,บาท,เม็ด,กระป๋อง,ใบ,ใจ,แผ่น,ก้าน,แพ็ค,แท่ง,ท่อน,ผล,แพค,ตัว,ฝัก,มัด,ดอก,กล่อง,ชุด,กิ่ง,พวง,แว่น,อก,แง่ง,ช่อ,นิ้ว,ราก,หลอด,แพ,หม้อ,ซอย,ซีก,น่อง,โครง,ดวง,ขยุ้ม
0,น้ำปลา(?!ร้า),"['', 'tea_spoon', 'spoon', 'table_spoon', 'ladle', 'gram', 'milligram', 'bottle', 'cup', 'dipper', 'min', 'avg', 'drops']",0,0,0,0,0,0,0,0,0,0,0,0,0,0,0,0,0,0,0,0,0,0,0,0,0,0,0,0,0,0,0,0,0,0,0,0,0,0,0,0,0,0,0,0,0,0,0,0,0
1,^กระเทียม|กะเทียม|กระเทียบสับ|ผงกระเทียม|กระเทียวเจียว|กระเทียบ|กระทียมสับ|garlic|^น้ำจิ้ม กระเทียม$,"['', 'แพ็คเล็ก', 'ซีก', 'หัวเล็ก', 'หัวทุบ', 'pieces', 'หัว', 'หัวใหญ่', 'เม็ด', 'บาท', 'tea_spoon', 'spoon', 'table_spoon', 'ladle', 'gram', 'glass', 'hundred_gram', 'hand', 'pick', 'lobe', 'cup', 'dipper', 'min', 'avg']",0,0,0,15,0,0,0,0,0,0,0,0,0,0,0.034,15,0,0,0,0,0,100,0,0,0,0,0,0,0,0,0,0,0,0,0,0,0,0,0,0,0,0,0,0,2.5,0,0,0,0
2,^ไข่(?!(เป็ด|กุ้ง|ปลาหมึก))|ไก่ไข่,"['', 'ใบ', 'พวง', 'คลึ่งลูก', 'ลูก', 'เม็ด', 'บาท', 'table_spoon', 'kilogram', 'gram', 'milligram', 'cup', 'min', 'avg', 'buble']",0,0,50,0,0,0,0,0,0,0,0,0,0,0,12.25,0,0,50,0,0,0,0,0,0,0,0,0,0,0,0,0,0,0,0,0,0,0,0,0,0,0,0,0,0,0,0,0,0,0
3,น้ำตาล(?!หญ้าหวาน)|นำ้ตาลทราย,"['', 'เม็ด', 'ก้อน', 'ชิ้นเล็กๆ', 'tea_spoon', 'spoon', 'table_spoon', 'ladle', 'kilogram', 'gram', 'hundred_gram', 'pick', 'cup', 'dipper', 'min', 'avg']",66,0,0,0,0,0,0,0,0,0,0,66,0,0,0,0,0,0,0,0,0,0,0,0,0,0,0,0,0,0,0,0,0,0,0,0,0,0,0,0,0,0,0,0,0,0,0,0,0
4,เกลือ|salt|เกลอ,"['', 'ดอก', 'ชุด', 'ถุง', 'กระป๋อง', 'tea_spoon', 'spoon', 'table_spoon', 'ladle', 'kilogram', 'gram', 'hand', 'pick', 'cup', 'min', 'avg']",0,0,0,0,55,0,0,0,0,0,0,0,0,0,0,0,150,0,0,0,0,0,0,0,0,0,0,0,0,100,0,100,0,0,0,0,0,0,0,0,0,0,0,0,0,0,0,0,0
5,ซอสปรุงรส|ซอสฝาเขียว|ซอสฝาเหลือง|ซอสแมคกี้|ซอสแม็กกี้|ซอสข้นปรุงรสคนอร์|แม๊กกี้|ซอส|แม็กกี้|คนอร์ซอสข้นปรุงรสหมู|ซอสข้นคนอร์|ซอลปรุงรส|แมกกี้|ซ้อสปรุงรส,"['', 'ห่อ', 'กป.', 'ซอง', 'ถุง', 'กระป๋อง', 'tea_spoon', 'spoon', 'table_spoon', 'ladle', 'gram', 'milligram', 'bottle', 'cup', 'dipper', 'min', 'avg', 'millitre', 'drops']",0,5,0,0,5,0,0,0,0,0,5,0,0,0,0,0,50,0,0,0,0,0,0,0,0,0,0,0,0,0,0,0,0,0,0,0,0,0,0,0,0,0,0,0,0,0,0,0,0
6,น้ำมันหอย|ซอสหอย|ซอยหอยนางรม|นำ้มันหอย|ซอลหอยนางรม|นํ้ามันหอย,"['', 'tea_spoon', 'spoon', 'table_spoon', 'ladle', 'gram', 'cup', 'dipper', 'min', 'avg', 'drops']",0,0,0,0,0,0,0,0,0,0,0,0,0,0,0,0,0,0,0,0,0,0,0,0,0,0,0,0,0,0,0,0,0,0,0,0,0,0,0,0,0,0,0,0,0,0,0,0,0
7,น้ำมัน(?!(หอย|พริกเผา|งา))|olive oil|oil,"['', 'ซอง', 'ของกระทะ', 'กะเองนะ', 'กระปุก', 'กระป๋อง', 'กระทะ', 'ใช้ทอด', 'สเปรย์', 'ใช้ผัด', 'กระฉอกใหญ่', 'กะทะ', 'กระฉอกเล็ก', 'ฉีด', 'tea_spoon', 'spoon', 'table_spoon', 'ladle', 'gram', 'milligram', 'litre', 'bottle', 'oz', 'cup', 'dipper', 'min', 'avg', 'millitre']",0,0,0,0,0,0.5,0,0,0,0,7,0,0,0,21.2,0,180,0,0,0,0,0,0,0,0,0,0,0,0,0,0,0,0,0,0,0,0,0,0,0,0,0,0,0,0,0,0,0,0
8,น้ำเปล่า|น้ำสะอาด|น้ำต้มสุก|^น้ำ$|น้ำเย็น|น้ำร้อน|น้ำดื่ม|น้ำอุ่น|น้ำสำหรับต้มเส้น,"['', 'ใส่ท่วมหมู', 'หม้อ', 'ถ้วน', 'กระทะ', 'ต้มเส้น', 'ก้อน', 'ขัน', 'ข้อนิ้ว', 'ท่วมหมู', 'ใส่/ซอส', 'tea_spoon', 'spoon', 'table_spoon', 'ladle', 'kilogram', 'gram', 'milligram', 'litre', 'glass', 'bottle', 'cup', 'dipper', 'min', 'avg', 'plate', 'millitre']",0,0,0,0,0,0,0,0,0,0,0,0,0,0,0,0,0,0,0,0,0,0,0,0,0,0,0,0,0,0,0,0,0,0,0,0,0,0,20,0,0,0,1000,0,0,0,0,0,0
9,ซีอิ๊วขาว|ซีอิ้วขาว|ซอสถั่วเหลือง|ซีอิ๋วขาว|สี่อิ๋วขาวสูตร1|ซีอิ้วปรุงรส|^ซีอิ๊ว$|ซี๊อิ๋วขาว|ซีอิ้ว ขาว|ซีอิ้ว|ชีอิ้วขาว|ซี้อิ้วขาว|ซีอี๊วขาว|ชีอิ๊วขาว|ซีอิ๋ว|ซี่อิ๋วขาวสูตร1|สี่อิ๋วขาวสูตร 2|soy sauce|ซีอี้วขาว|ซีอี๋วขาว|สี่อิ๋วขาวสูตร|สี่อิ่ว,"['', 'ขาว', 'ห่อ', 'ซ้อนโต้ะ', 'tea_spoon', 'spoon', 'table_spoon', 'ladle', 'gram', 'cup', 'dipper', 'min', 'avg', 'drops']",0,5,0,0,0,0,0,0,0,0,0,0,0,0,0,0,0,0,0,0,0,0,0,0,0,0,0,0,0,0,0,0,0,0,0,0,0,0,0,0,0,0,0,0,0,0,0,0,0
10,^(?!.*ซอส|หมู).*พริกไทย.*|พริกไท|black pepper|Red Pepper Flakes,"['', 'ก้าน', 'กิ่ง', 'พวง', 'อก', 'ส.', 'พวงเล็ก', 'ห่อ', 'ฝัก', 'ซอง', 'ช่อ', 'แพ็ก', 'หัว', 'ท่อนใบตอง', 'ชิ้น', 'ห่อเล็ก', 'บด', 'เม็ด', 'tea_spoon', 'spoon', 'table_spoon', 'kilogram', 'gram', 'hundred_gram', 'hand', 'pick', 'cup', 'min', 'avg', 'buble', 'drops']",0,5,0,40,0,0,0,0,0,0,7,0,0,0,0,0.5,0,0,0,0,5,20,0,10,0,0,0,10,0,0,0,0,5,5,0,0,0,5,0,0,0,5,0,0,0,0,0,0,0
11,ต้นหอม|ต้มหอม|ตันหอม,"['', 'ใบ', 'ท่อน', 'ต้น', 'ส.', 'อย่างละ ต้น', 'มัด', 'เส้น', 'หัว', 'นิ้ว', 'ซอย', 'บาท', 'ต้น หั่นท่อน', 'tea_spoon', 'spoon', 'table_spoon', 'gram', 'hundred_gram', 'hand', 'pick', 'cup', 'min', 'avg', 'plate']",0,0,0,12,0,0,0,0,12,0,0,0,12,0,33.33,0,0,3,0,0,0,0,0,6,0,0,0,0,50,0,0,0,0,0,0,0,0,0,0,0,0,0,0,12,0,0,0,0,0
12,แครอท|แคร์รอต|แครท|ผักสามสี,"['', 'ท่อน', 'ต้น', 'แว่น', 'หัวเล็ก', 'แท่ง', 'อัน', 'เส้น', 'ต้นเล็ก', 'หัว', 'หัวใหญ่', 'ชิ้น', 'แผ่น', 'นิ้ว', 'ลูก', 'ผล', 'นึง', 'tea_spoon', 'spoon', 'table_spoon', 'gram', 'milligram', 'hundred_gram', 'hand', 'pick', 'cup', 'min', 'avg']",10,0,93,93,0,0,0,0,93,0,0,0,4,93,0,0,0,0,0,10,0,0,93,50,93,0,0,0,0,0,0,0,0,0,10,0,0,0,0,0,0,0,0,0,0,0,0,0,0
13,^(?!.*บะหมี่|ผง|กระดูก|ลูกชิ้น|ซี่โครง|ตับ|น้ำมัน|น้ำสต๊อก|คนอร์|แหนม|กุนเชียง|กาก|รสดี|ซุป|น้ำ|แคป|ซอส|มัน|กระเทียม|ไส้กรอก|เลือด|แฮม).*หมู(?!ยอ|กรอบ|หยอง|แดง|แฮม).*|สามชั้นสไลซ์|สันคอ,"['', 'ขา', 'แพ็ค', 'หาง', 'แพค', 'ก้อน', 'ห่อ', 'โครง', 'เส้น', 'ก้อนเล็ก', 'แพ๊ค', 'ชิ้น', 'แผ่น', 'ลิ้น', 'ชิ้นใหญ่', 'ไม้', 'บาท', 'tea_spoon', 'spoon', 'table_spoon', 'ladle', 'kilogram', 'gram', 'hundred_gram', 'cup', 'min', 'avg', 'buble', 'plate']",30,200,0,0,0,0,0,0,0,300,0,60,0,0,5,0,0,0,0,40,0,300,60,0,0,300,0,0,0,0,0,0,0,0,0,0,0,0,0,0,0,200,0,0,0,0,300,0,0
14,^(?!.*เส้น)(.*ข้าวสวย|^ข้าว$|ข้าวกล้อง.*|ข้าวสาร|ข้าวเปล่า|ข้าวหอมมะลิ|ข้าวเย็น|ข้าวหุงสุก|ข้าวญี่ปุ่น|ข้าวสุก|ข้าวแช่เย็น|ข้าวหอม|ข้าวเสาไห้|ข้าวบาสมาติ),"['', 'หม้อ', 'ถ้วน', 'หม้อหุงข้าว', 'ที่', 'คนทาน', 'กป.', 'กระป๋องตวงช', 'ถุง', '/', 'บาท', 'table_spoon', 'ladle', 'gram', 'hand', 'cup', 'min', 'avg', 'plate']",0,0,0,0,80,0,0,0,0,0,0,0,0,0,16,0,180,0,0,0,0,0,0,0,0,0,0,0,0,0,0,0,0,0,0,0,0,0,0,0,0,0,500,0,0,0,0,0,0
15,มะนาว,"['', 'ใบ', 'ลูกใหญ่', 'ซีก', 'ซอง', 'ชีก', 'ชิ้น', 'แผ่น', 'ลูก', 'ผล', 'tea_spoon', 'spoon', 'table_spoon', 'ladle', 'milligram', 'lobe', 'cup', 'min', 'avg']",55,0,55,0,0,0,0,0,0,0,55,0,0,0,0,0,0,55,0,10,0,0,0,0,55,0,0,0,0,0,0,0,0,0,0,0,0,0,0,0,0,0,0,0,18.33333333,0,0,0,0
16,พริกขี้หนู,"['', 'ดอก', 'เมล็ด', 'เม็ด', 'พริก', 'ชิ้น', 'เม็ด เม็ดเล็ก', 'สีละ  เม็ด', 'tea_spoon', 'spoon', 'table_spoon', 'gram', 'hundred_gram', 'hand', 'lobe', 'cup', 'min', 'avg']",1.428571429,0,0,0,0,0,0,0,0,0,0,0,0,0,0,1.428571429,0,0,0,0,0,0,0,0,0,0,0,0,0,1.428571429,0,0,0,0,0,0,0,0,0,0,0,0,0,0,0,0,0,0,0
17,^(?!.*ไข่|มัน|มาม่า).*กุ้ง(?!แห้ง).*,"['', 'ทั้งซอง', 'ห่อ', 'ซอง', 'ตัวใหญ่', 'ตัว', 'ชิ้น', 'tea_spoon', 'spoon', 'table_spoon', 'kilogram', 'gram', 'hundred_gram', 'hand', 'cup', 'min', 'avg']",50,0,0,0,0,0,0,0,0,0,0,0,0,0,0,0,0,0,0,0,0,0,0,0,0,0,50,0,0,0,0,0,0,0,0,0,0,0,0,0,0,0,0,0,0,0,0,0,0
18,^(?!.*ซอส|ซ้อส).*มะเขือเทศ.*,"['', 'ลูกเล็ก', 'ลุก', 'แพค', 'ซอง', 'หัว', 'หัวใหญ่', 'ชิ้น', 'ลูก', 'กล่อง', 'กระป๋อง', 'ผล', 'ลูกใหญ่', 'spoon', 'table_spoon', 'kilogram', 'gram', 'hundred_gram', 'cup', 'min', 'avg', 'plate', 'millitre']",10,0,57,57,0,0,0,0,0,0,0,0,0,0,0,0,100,0,0,0,0,0,0,0,57,200,0,0,0,0,200,0,0,0,0,0,0,0,0,0,0,10,0,0,0,0,0,0,0
19,หอมใหญ่|หอมหัวใหญ่|หัวหอม|หอมแขก|หอมซอย|หอมเล็กเจียว|^หอม$|หัวใหญ่,"['', 'ดอก', 'ลูกเล็ก', 'ลูกใหญ่', 'ซีก', 'ท่อน', 'ต้น', 'ส.', 'หัวเล็ก', 'ซอง', 'หัว', 'หัวใหญ่', 'ลูก', 'ซอยหัว', 'ผล', 'บาท', 'spoon', 'table_spoon', 'kilogram', 'gram', 'hundred_gram', 'pick', 'lobe', 'cup', 'min', 'avg', 'millitre']",0,0,100,100,0,0,0,0,50,0,0,0,0,0,12,0,0,0,0,0,0,0,0,30,100,0,0,0,0,30,0,0,0,0,0,0,0,0,0,0,0,0,0,30,30,0,0,0,0
20,รากผักชี,"['ราก', ',ราก', '', 'หัว', 'ต้น', 'ชิ้น', 'tea_spoon', 'table_spoon', 'kilogram', 'gram', 'min', 'avg']",10,0,0,10,0,0,0,0,10,0,0,0,0,0,0,0,0,0,0,0,0,0,0,0,0,0,0,0,0,0,0,0,0,0,0,0,0,0,0,10,0,0,0,0,0,0,0,0,0
21,หอมแดง|หอมเจียว|หอมเเดง,"['', 'ลูกเล็ก', 'หัวเล็ก', 'หัว', 'หัวใหญ่', 'ลูก', 'ซอยหัว', 'เม็ด', 'บาท', 'tea_spoon', 'spoon', 'table_spoon', 'gram', 'hundred_gram', 'hand', 'pick', 'lobe', 'cup', 'min', 'avg']",0,0,20,20,0,0,0,0,0,0,0,0,0,0,16.94915254,20,0,0,0,0,0,0,0,0,0,0,0,0,0,0,0,0,0,0,0,0,0,0,0,0,0,0,0,30,0,0,0,0,0
22,พริกแห้ง,"['', 'ดอก', 'เม็ด', 'ลูก', 'spoon', 'table_spoon', 'ladle', 'gram', 'hand', 'cup', 'min', 'avg']",0,0,2,0,0,0,0,0,0,0,0,0,0,0,0,2,0,0,0,0,0,0,0,0,0,0,0,0,0,2,0,0,0,0,0,0,0,0,0,0,0,0,0,0,0,0,0,0,0
23,พริกป่น,"['', 'tea_spoon', 'spoon', 'table_spoon', 'gram', 'cup', 'min', 'avg']",0,0,0,0,0,0,0,0,0,0,0,0,0,0,0,0,0,0,0,0,0,0,0,0,0,0,0,0,0,0,0,0,0,0,0,0,0,0,0,0,0,0,0,0,0,0,0,0,0
24,^(?!.*ราก|ลูก).*ผักชี.*|ผง coriander,"['', 'ใบ', 'ราก', 'ก้าน', 'กิ่ง', 'ต้น', 'ต้ร', 'แพค', 'อย่างละ ต้น', 'ก้่าน', 'มัด', 'หัว', 'บาท', 'tea_spoon', 'spoon', 'table_spoon', 'gram', 'hundred_gram', 'hand', 'pick', 'cup', 'min', 'avg']",0,0,0,8,0,0,0,0,8,0,0,0,0,0,20,0,0,1,0,0,2,0,0,0,0,30,0,0,10,0,0,0,10,0,0,0,0,0,0,10,0,10,0,0,0,0,0,0,0
25,ซอสมะเขือเทศ|ซ้อสมะเขือเทศ,"['', 'ซอง', 'tea_spoon', 'spoon', 'table_spoon', 'ladle', 'gram', 'bottle', 'cup', 'min', 'avg']",0,0,0,0,0,0,0,0,0,0,7,0,0,0,0,0,0,0,0,0,0,0,0,0,0,0,0,0,0,0,0,0,0,0,0,0,0,0,0,0,0,0,0,0,0,0,0,0,0
26,ใบมะกรูด|ใบมะกูด|มะกรูด,"['', 'ใบ', 'กิ่ง', 'ต้น', 'ลูก', 'tea_spoon', 'table_spoon', 'gram', 'hundred_gram', 'pick', 'min', 'avg']",0,0,1,0,0,0,0,0,4,0,0,0,0,0,0,0,0,1,0,0,0,0,0,0,0,0,0,0,0,0,0,0,2,0,0,0,0,0,0,0,0,0,0,0,0,0,0,0,0
27,น้ำมันงา,"['', 'tea_spoon', 'spoon', 'table_spoon', 'cup', 'min', 'avg']",0,0,0,0,0,0,0,0,0,0,0,0,0,0,0,0,0,0,0,0,0,0,0,0,0,0,0,0,0,0,0,0,0,0,0,0,0,0,0,0,0,0,0,0,0,0,0,0,0
28,^พริก$|พริกสด|พริกจินดา|พริกแดง|พริกใหญ่|พริกสับ|พริกอ่อน|พริกตำ|พริกซอย|พริกทอด|พริกสีแดง|พริกหั่น|พริกคั่ว|พริก+|พริกหั่นเฉียง,"['', 'เมล็ด', 'กิ่ง', 'ส.', 'พริก', 'ห่อ', 'ซอง', 'แพ็ก', 'ถุง', 'แผ่น', 'อย่างละ  ลูก', 'สีละ  เม็ด', 'พวง', 'ก้าน', 'ต้น', 'อัน', 'ดอด', 'กระปุก', 'ช่อ', 'ลูก', 'กระป๋อง', 'ลูกเล็ก', 'อก', 'พวงเล็ก', 'บด', 'เม็ด เม็ดเล็ก', 'เม็ด', 'บาท', 'ดอก', 'ฝัก', 'หัว', 'ซองเล็ก', 'ท่อนใบตอง', 'ชิ้น', 'เม็ดใหญ่', 'ห่อเล็ก', 'ผล', 'tea_spoon', 'spoon', 'table_spoon', 'ladle', 'kilogram', 'gram', 'milligram', 'bottle', 'hundred_gram', 'hand', 'pick', 'lobe', 'cup', 'dipper', 'min', 'avg', 'buble', 'millitre', 'drops']",2,5,2,2,7,0,0,0,0,0,7,0,0,2,33.33333333,2,40,2,0,2,2,20,0,2,2,0,0,2,0,2,0,0,6,8,0,6,0,5,0,0,0,20,0,0,0,0,0,0,0
29,โหระพา|ใบโหรพา|โหรพา,"['ใบ', '', 'ก้าน', 'กิ่ง', 'ต้น', 'ยอด', 'มัด', 'ช่อ', 'บาท', 'tea_spoon', 'table_spoon', 'gram', 'hundred_gram', 'hand', 'pick', 'cup', 'min', 'avg']",0,0,0,0,0,0,0,2,4,0,0,0,0,0,25,0,0,2,0,0,10,0,0,0,0,0,0,0,2,0,0,0,2,0,0,0,0,8,0,0,0,0,0,0,0,0,0,0,0
30,ถั่วฝักยาว|ถั่วฟักยาว|ถั่วผักยาว|ถัวฝักยาว,"['', 'เส้น', 'อัน', 'ต้น', 'ฝัก', 'table_spoon', 'gram', 'hundred_gram', 'cup', 'min', 'avg', 'buble']",0,0,0,0,0,0,0,0,10,0,0,0,10,10,0,0,0,0,0,0,0,0,0,0,0,0,0,10,0,0,0,0,0,0,0,0,0,0,0,0,0,0,0,0,0,0,0,0,0
31,ใบกะเพรา|ใบกระเพรา|กระเพรา|กะเพรา|ใบกระเพา|ใบกระ เพรา แดง|กระเพา|Basil,"['', 'ใบ', 'แพ็ค', 'ก้าน', 'กิ่ง', 'บาท', 'ต้น', 'แพค', 'มัด', 'ขยุ้ม', 'tea_spoon', 'table_spoon', 'kilogram', 'gram', 'hundred_gram', 'hand', 'pick', 'cup', 'min', 'avg']",0,0,0,0,0,0,0,0,20,0,0,0,0,0,50,0,0,2,0,0,2,20,0,0,0,20,0,0,20,0,0,0,10,0,0,0,0,0,0,0,0,10,0,0,0,0,0,0,20
32,^(?!.*ไส้กรอก|ไข่|เลือด|น้ำ|ผง|โครง|ตีน|เครื่องใน|เต้าหู้|ซี่โครง|ขา|ซอส|ตับ).*ไก่(?!จ๊อ|ไข่).*|chicken,"['', 'แพ็ค', 'อกใหญ', 'น่อง', 'กล่องนึง', 'อก', 'ชิ้น/ ชิ้น', 'ก้อน', 'ห่อ', 'อัน', 'ดวง', 'ซอง', 'ขิ้น', 'เส้น', 'ตัว', 'ชิ้น', 'ลูก', 'ชิ้นใหญ่', 'ปีก', 'บาท', 'tea_spoon', 'spoon', 'table_spoon', 'kilogram', 'gram', 'hundred_gram', 'lobe', 'cup', 'min', 'avg', 'buble']",30,120,0,0,0,0,0,0,0,0,0,60,50,50,11.11111111,0,0,0,0,0,0,500,0,0,0,0,1200,0,0,0,200,0,0,0,0,120,0,0,0,0,0,150,0,0,0,100,0,0,0
33,^ซีอิ๊วดำ$|^ซีอิ้วดำ$|ซีอิ๋วดำ(?!หวาน)|สี่อิ๋วดำสูตรเค็ม,"['', 'tea_spoon', 'spoon', 'table_spoon', 'gram', 'cup', 'min', 'avg', 'drops']",0,0,0,0,0,0,0,0,0,0,0,0,0,0,0,0,0,0,0,0,0,0,0,0,0,0,0,0,0,0,0,0,0,0,0,0,0,0,0,0,0,0,0,0,0,0,0,0,0
34,ถั่วงอก,"['', 'ถุง', 'เพ็ค', 'ถุงเล็ก', 'บาท', 'spoon', 'kilogram', 'gram', 'hundred_gram', 'hand', 'pick', 'cup', 'avg']",0,0,0,0,100,0,0,0,0,0,0,0,0,0,50,0,0,0,0,0,0,100,0,0,0,0,0,0,0,0,0,0,0,0,0,0,0,0,0,0,0,0,0,0,0,0,0,0,0
35,คะน้า,"['', 'ใบ', 'ก้าน', 'ต้น', 'ยอด', 'กัาน', 'มัด', 'kilogram', 'gram', 'hundred_gram', 'hand', 'cup', 'avg']",0,0,0,0,0,0,0,8,30,0,0,0,0,0,0,0,0,6,0,0,20,0,0,0,0,0,0,0,100,0,0,0,0,0,0,0,0,0,0,0,0,0,0,0,0,0,0,0,0
36,ข้าวโพดอ่อน,"['', 'แพ็ค', 'ท่อน', 'ต้น', 'ผัก', 'แพค', 'แท่ง', 'อัน', 'ฝัก', 'หัว', 'ชิ้น', 'ฝักเล็ก', 'tea_spoon', 'gram', 'cup', 'min', 'avg', 'buble']",20,0,0,20,0,0,0,0,20,0,0,0,0,10,0,0,0,0,0,0,0,100,10,10,0,100,0,10,0,0,0,0,0,0,0,0,0,0,0,0,0,30,0,0,0,0,0,0,0
37,เนย,"['', 'ก้อน', 'ก้อนเล็ก', 'ชิ้น', 'ใช้ทากะทะ', 'tea_spoon', 'spoon', 'table_spoon', 'gram', 'cup', 'min', 'avg']",10,0,0,0,0,0,0,0,0,0,0,10,0,0,0,0,0,0,0,0,0,0,0,0,0,0,0,0,0,0,0,0,0,0,0,0,0,0,0,0,0,0,0,0,0,0,0,0,0
38,แป้งทอดกรอบ|แป้งชุบทอด|แป้งโกกิ|แป้งทอด|แป้งสำหรับทอด|แป้งทอดกรอบคนอร์,"['', 'ชุบไก่', 'ห่อ', 'ซอง', 'ชิ้น', 'ถุง', 'spoon', 'table_spoon', 'ladle', 'gram', 'cup', 'min', 'avg', 'plate']",15,150,0,0,200,0,0,0,0,0,60,0,0,0,0,0,0,0,0,0,0,0,0,0,0,0,0,0,0,0,0,0,0,0,0,0,0,0,0,0,0,0,0,0,0,0,0,0,0
39,แป้งมัน,"['', 'tea_spoon', 'spoon', 'table_spoon', 'gram', 'milligram', 'cup', 'min']",0,0,0,0,0,0,0,0,0,0,0,0,0,0,0,0,0,0,0,0,0,0,0,0,0,0,0,0,0,0,0,0,0,0,0,0,0,0,0,0,0,0,0,0,0,0,0,0,0
40,^(?!.*ซอส|ซีอิ๊ว|ผงปรุงรส|ซีอิ้ว|คนอร์).*เห็ด.*,"['', 'ดอก', 'ใบ', 'แพ็ค', 'ดอกใหญ่', 'ดอก ใหญ่', 'ต้น', 'แพค', 'ก้อน', 'ห่อ', 'โคนใหญ่', 'อัน', 'กอด', 'หัว', 'ชิ้น', 'ถุง', 'ห่อเล็ก', 'ลูก', 'กล่อง', 'ดิก', 'กระป๋อง', 'tea_spoon', 'table_spoon', 'kilogram', 'gram', 'hundred_gram', 'hand', 'cup', 'avg', 'plate']",10,200,10,10,150,0,0,0,15,0,0,20,0,10,0,0,150,15,0,0,0,10,0,0,0,200,0,0,0,12,150,0,0,0,0,0,0,0,0,0,0,40,0,0,0,0,0,0,0
41,เส้นสปาเก็ตตี้|เส้นสปาเกตตี้|สปาเก็ตตี้|สปาเกตตี้|เส้นสปาเกตตี|สปาเกตตี,"['', 'โอเค', 'ห่อ', 'แท่ง', 'ซอง', 'มัด', 'ซองเล็ก', 'ถุง', 'ถุงเล็ก', 'ห่อเล็ก', 'kilogram', 'gram', 'hand', 'pick', 'cup', 'min', 'avg', 'plate']",0,500,0,0,70,0,0,0,0,0,70,0,70,0,0,0,0,0,0,0,0,0,4,0,0,0,0,0,70,0,0,0,0,0,0,0,0,0,0,0,0,0,0,0,0,0,0,0,0
42,เต้าเจี้ยว|เต้าเจี๊ยว|เต้าเจียว,"['', 'tea_spoon', 'spoon', 'table_spoon', 'ladle', 'gram', 'cup', 'min', 'avg']",0,0,0,0,0,0,0,0,0,0,0,0,0,0,0,0,0,0,0,0,0,0,0,0,0,0,0,0,0,0,0,0,0,0,0,0,0,0,0,0,0,0,0,0,0,0,0,0,0
43,โชยุ|ซีอิ๊วญี่ปุ่น|โชวยุ|Soba tsuyu,"['', 'ซอง', 'tea_spoon', 'spoon', 'table_spoon', 'cup', 'min', 'avg']",0,0,0,0,0,0,0,0,0,0,7,0,0,0,0,0,0,0,0,0,0,0,0,0,0,0,0,0,0,0,0,0,0,0,0,0,0,0,0,0,0,0,0,0,0,0,0,0,0
44,ตะไคร้|ตะใคร้,"['', 'ต้า', 'ก้าน', 'ท่อน', 'ต้น', 'แว่น', 'หัว', 'ชิ้น', 'tea_spoon', 'table_spoon', 'gram', 'hand', 'cup', 'min', 'avg']",10,0,0,10,0,0,0,0,15,0,0,0,0,0,0,0,0,0,0,0,10,0,0,10,0,0,0,0,0,0,0,0,0,0,10,0,0,0,0,0,0,0,0,0,0,0,0,0,0
45,^(?!.*ไข่).*ปลาหมึก.*|^หมึก|หมึกกล้วย,"['', 'ตัวเล็ก', 'ตัวขนาดกลาง', 'ตัวใหญ่', 'ตัว', 'ชิ้น', 'ลูก', 'ชิ้นใหญ่', 'ต้ว', 'kilogram', 'gram', 'hundred_gram', 'cup', 'min', 'avg']",20,0,20,0,0,0,0,0,0,0,0,0,0,0,0,0,0,0,0,0,0,0,0,0,0,0,10,0,0,0,0,0,0,0,0,0,0,0,0,0,0,0,0,0,0,0,0,0,0
46,น้ำพริกเผา,"['ซอง', 'กระป๋อง', 'tea_spoon', 'spoon', 'table_spoon', 'gram', 'cup', 'min', 'avg']",0,0,0,0,0,0,0,0,0,0,12,0,0,0,0,0,50,0,0,0,0,0,0,0,0,0,0,0,0,0,0,0,0,0,0,0,0,0,0,0,0,0,0,0,0,0,0,0,0
47,เบคอน,"['', 'แผ่น', 'แผ่นยาว', 'เส้น', 'ชิ้น', 'ห่อ', 'แผ่นอวบๆ', 'table_spoon', 'kilogram', 'gram', 'hundred_gram', 'cup', 'avg']",26,200,0,0,0,0,0,0,0,0,0,0,26,0,0,0,0,0,0,26,0,0,0,0,0,0,0,0,0,0,0,0,0,0,0,0,0,0,0,0,0,0,0,0,0,0,0,0,0
48,ไส้กรอก,"['', 'แพ็ค', 'ท่อน', 'ห่อ', 'แท่ง', 'อัน', 'ดุ้น', 'เส้น', 'ชิ้น', 'ถุง', 'ห่อเล็ก', 'แพคเล็ก', 'kilogram', 'gram', 'hundred_gram', 'cup', 'avg']",30,120,0,0,120,0,0,0,0,0,0,0,30,30,0,0,0,0,0,0,0,120,30,30,0,120,0,0,0,0,0,0,0,0,0,0,0,0,0,0,0,120,0,0,0,0,0,0,0
49,^นม(?!ข้น),"['กล่่อง', 'กล่องเล็ก', 'กล่อง', 'tea_spoon', 'spoon', 'table_spoon', 'gram', 'milligram', 'glass', 'bottle', 'oz', 'cup', 'min', 'avg', 'millitre']",0,0,0,0,0,0,0,0,0,0,0,0,0,0,0,0,0,0,0,0,0,0,0,0,0,0,0,0,0,0,100,0,0,0,0,0,0,0,0,0,0,0,0,0,0,0,0,0,0
50,ซอสพริก,"['', 'ซอง', 'ห่อ', 'tea_spoon', 'spoon', 'table_spoon', 'ladle', 'gram', 'bottle', 'cup', 'dipper', 'min', 'avg', 'millitre']",0,7,0,0,0,0,0,0,0,0,7,0,0,0,0,0,0,0,0,0,0,0,0,0,0,0,0,0,0,0,0,0,0,0,0,0,0,0,0,0,0,0,0,0,0,0,0,0,0
51,วุ้นเส้น|^เส้น$,"['ห่อเล็ก', 'ถุงเล็ก', 'ซอง', '', 'หอ', 'ห่อกลาง', 'ซองเล็ก', 'ต่อถุง', 'ห่อ', 'ถุง', 'gram', 'hand', 'pick', 'cup', 'min', 'avg']",0,40,0,0,50,0,0,0,0,0,50,0,0,0,0,0,0,0,0,0,0,0,0,0,0,0,0,0,0,0,0,0,0,0,0,0,0,0,0,0,0,0,0,0,0,0,0,0,0
52,น้ำซุป|น้ำซุบ,"['', 'ชุด', 'ซอง', 'ถุง', 'tea_spoon', 'table_spoon', 'ladle', 'milligram', 'litre', 'oz', 'cup', 'dipper', 'min', 'avg', 'plate', 'millitre']",0,0,0,0,100,0,0,0,0,0,50,0,0,0,0,0,0,0,0,0,0,0,0,0,0,0,0,0,0,0,0,100,0,0,0,0,0,0,0,0,0,0,0,0,0,0,0,0,0
53,ผักกาด|ผัดกาดขาว|ผักคอส,"['', 'ใบ', 'ต้น', 'ใบใหญ่', 'หัวเล็ก', 'หัวเล็ก  หัว', 'ก้อน', 'หัว', 'หัวใหญ่', 'ชิ้น', 'กระป๋อง', 'กระป๋องเล็ก', 'kilogram', 'gram', 'hand', 'lobe', 'cup', 'avg']",20,0,0,60,0,0,0,0,60,0,0,60,0,0,0,0,0,10,0,0,0,0,0,0,0,0,0,0,0,0,0,0,0,0,0,0,0,0,0,0,0,0,0,0,0,0,0,0,0
54,^กะปิ,"['', 'tea_spoon', 'spoon', 'table_spoon', 'gram', 'min', 'avg']",0,0,0,0,0,0,0,0,0,0,0,0,0,0,0,0,0,0,0,0,0,0,0,0,0,0,0,0,0,0,0,0,0,0,0,0,0,0,0,0,0,0,0,0,0,0,0,0,0
55,พริกชี้ฟ้า|พริกเหลือง,"['', 'ดอก', 'ต้น', 'ลูก', 'อัน', 'เม็ด', 'spoon', 'table_spoon', 'gram', 'pick', 'cup', 'min', 'avg']",0,0,20,0,0,0,0,0,20,0,0,0,0,10,0,10,0,0,0,0,0,0,0,0,0,0,0,0,0,10,0,0,0,0,0,0,0,0,0,0,0,0,0,0,0,0,0,0,0
56,กะทิ|กระทิ,"['', 'กล่องเล็ก', 'กล่อง', 'กระป๋อง', 'tea_spoon', 'table_spoon', 'ladle', 'kilogram', 'gram', 'milligram', 'litre', 'bottle', 'cup']",0,0,0,0,0,0,0,0,0,0,0,0,0,0,0,0,200,0,0,0,0,0,0,0,0,0,0,0,0,0,100,0,0,0,0,0,0,0,0,0,0,0,0,0,0,0,0,0,0
57,เส้นใหญ่|เส้นไหญ่|^เส้น$,"['', 'แพค', 'ห่อ', 'ถุง', 'kilogram', 'gram', 'hundred_gram', 'pick', 'cup', 'avg']",0,100,0,0,60,0,0,0,0,0,0,0,0,0,0,0,0,0,0,0,0,0,0,0,0,100,0,0,0,0,0,0,0,0,0,0,0,0,0,0,0,100,0,0,0,0,0,0,0
58,^(?!.*ดอก)กะหล่ำ(?!.*ดอก.*)|กะหล่ำปลี|กระหล่ำปลี,"['', 'ใบ', 'ใข', 'หัวเล็ก', 'ซีกเล็ก', 'หัว', 'หัวใหญ่', 'ชิ้น', 'ลูก', 'table_spoon', 'gram', 'hundred_gram', 'hand', 'cup', 'min', 'avg', 'plate']",50,0,100,100,0,0,0,0,0,0,0,0,0,0,0,0,0,10,0,0,0,0,0,0,0,0,0,0,0,0,0,0,0,0,0,0,0,0,0,0,0,0,0,0,50,0,0,0,0
59,ผักบุ้ง,"['', 'มัด', 'ถาด', 'แพ็ก', 'ต้น', 'gram', 'hundred_gram', 'hand', 'pick', 'cup', 'min', 'avg', 'plate']",0,0,0,0,0,0,100,0,20,0,0,0,0,0,0,0,0,0,0,0,0,100,0,0,0,0,0,0,100,0,0,0,0,0,0,0,0,0,0,0,0,100,0,0,0,0,0,0,0
60,แฮม,"['แผ่น', 'ชิ้นใหญ่', 'อัน', 'ชิ้น', 'gram', 'avg']",10,0,0,0,0,0,0,0,0,0,0,0,0,10,0,0,0,0,0,20,0,0,0,0,0,0,0,0,0,0,0,0,0,0,0,0,0,0,0,0,0,0,0,0,0,0,0,0,0
61,หมูยอ,"['อันเล็ก', 'ท่อน', 'แท่งเล็ก', 'ห่อ', 'แท่ง', 'อัน', 'แถว', 'เส้น', 'แท่งกลาง', 'ก้อนเล็ก', 'ชิ้น', 'ท่อนใบตอง', 'table_spoon', 'kilogram', 'gram', 'hundred_gram', 'cup', 'avg']",10,100,0,0,0,0,0,0,0,0,0,50,200,20,0,0,0,0,0,0,0,0,200,200,0,0,0,0,0,0,0,0,0,0,0,0,0,0,0,0,0,0,0,0,0,0,0,0,0
62,แตงกวา,"['', 'ลูกเล็ก', 'ลูก', 'ผักเครื่องเคียง', 'ผล', 'หัว', 'ลูกใหญ่', 'ชิ้น', 'gram', 'avg']",20,0,50,50,0,0,0,0,0,0,0,0,0,0,0,0,0,0,0,0,0,0,0,0,50,0,0,0,0,0,0,0,0,0,0,0,0,0,0,0,0,0,0,0,0,0,0,0,0
63,กุ้งแห้ง,"['', 'ตัว', 'บาท', 'tea_spoon', 'spoon', 'table_spoon', 'gram', 'hundred_gram', 'hand', 'pick', 'cup', 'min', 'avg']",0,0,0,0,0,0,0,0,0,0,0,0,0,0,1.428571429,0,0,0,0,0,0,0,0,0,0,0,3,0,0,0,0,0,0,0,0,0,0,0,0,0,0,0,0,0,0,0,0,0,0
64,มิริน,"['', 'tea_spoon', 'spoon', 'table_spoon', 'ladle', 'cup', 'min', 'avg']",0,0,0,0,0,0,0,0,0,0,0,0,0,0,0,0,0,0,0,0,0,0,0,0,0,0,0,0,0,0,0,0,0,0,0,0,0,0,0,0,0,0,0,0,0,0,0,0,0
65,น้ำมะขามเปียก|น้ำมะขาวเปียก|น้ำมะขาม,"['', 'tea_spoon', 'spoon', 'table_spoon', 'ladle', 'gram', 'cup', 'dipper', 'min', 'avg']",0,0,0,0,0,0,0,0,0,0,0,0,0,0,0,0,0,0,0,0,0,0,0,0,0,0,0,0,0,0,0,0,0,0,0,0,0,0,0,0,0,0,0,0,0,0,0,0,0
66,ต้นกระเทียม,"['ต้น', 'gram', 'avg']",0,0,0,0,0,0,0,0,20,0,0,0,0,0,0,0,0,0,0,0,0,0,0,0,0,0,0,0,0,0,0,0,0,0,0,0,0,0,0,0,0,0,0,0,0,0,0,0,0
67,ถั่วเน่า,"['แผ่น', 'กล่อง', 'table_spoon']",0,0,0,0,0,0,0,0,0,0,0,0,0,0,0,0,0,0,0,50,0,0,0,0,0,0,0,0,0,0,50,0,0,0,0,0,0,0,0,0,0,0,0,0,0,0,0,0,0
68,หญ้าหวาน,"['', 'ซองเล็ก', 'tea_spoon', 'gram', 'avg']",0,0,0,0,0,0,0,0,0,0,50,0,0,0,0,0,0,0,0,0,0,0,0,0,0,0,0,0,0,0,0,0,0,0,0,0,0,0,0,0,0,0,0,0,0,0,0,0,0
69,ขึ้นฉ่าย|คื่นช่าย|คึ่นช่าย|ขึ้นช่าย|คื่นไช้|คื่นไฉ่|ตั้งโอ๋,"['', 'ราก', 'ท่อน', 'ต้น', 'มัด', 'บาท', 'spoon', 'table_spoon', 'gram', 'hand', 'cup', 'min', 'avg']",0,0,0,0,0,0,0,0,15,0,0,0,0,0,16.66666667,0,0,0,0,0,0,0,0,20,0,0,0,0,50,0,0,0,0,0,0,0,0,0,0,20,0,0,0,0,0,0,0,0,0
70,มันฝรั่ง,"['', 'ลูก', 'หัวเล็ก', 'หัว', 'หัวใหญ่', 'tea_spoon', 'kilogram', 'gram', 'cup', 'avg']",0,0,200,200,0,0,0,0,0,0,0,0,0,0,0,0,0,0,0,0,0,0,0,0,0,0,0,0,0,0,0,0,0,0,0,0,0,0,0,0,0,0,0,0,0,0,0,0,0
71,น้ำส้มสายชู|น้ำส้ม,"['', 'เม็ด', 'tea_spoon', 'spoon', 'table_spoon', 'ladle', 'gram', 'bottle', 'lobe', 'cup', 'dipper', 'min', 'avg']",0,0,0,0,0,0,0,0,0,0,0,0,0,0,0,0,0,0,0,0,0,0,0,0,0,0,0,0,0,0,0,0,0,0,0,0,0,0,0,0,0,0,0,0,0,0,0,0,0
72,ใบบัวบก,"['gram', 'min']",0,0,0,0,0,0,0,0,0,0,0,0,0,0,0,0,0,0,0,0,0,0,0,0,0,0,0,0,0,0,0,0,0,0,0,0,0,0,0,0,0,0,0,0,0,0,0,0,0
73,แป้งขนมปัง,['gram'],0,0,0,0,0,0,0,0,0,0,0,0,0,0,0,0,0,0,0,0,0,0,0,0,0,0,0,0,0,0,0,0,0,0,0,0,0,0,0,0,0,0,0,0,0,0,0,0,0
74,ซีรัป,['table_spoon'],0,0,0,0,0,0,0,0,0,0,0,0,0,0,0,0,0,0,0,0,0,0,0,0,0,0,0,0,0,0,0,0,0,0,0,0,0,0,0,0,0,0,0,0,0,0,0,0,0
75,เส้นเฟตตูชินี,"['ปริมาณตามหน้าซองบรรจุ', 'gram', 'hand']",0,0,0,0,0,0,0,0,0,0,100,0,0,0,0,0,0,0,0,0,0,0,0,0,0,0,0,0,0,0,0,0,0,0,0,0,0,0,0,0,0,0,0,0,0,0,0,0,0
76,ข่า,"['', 'ท่อน', 'แว่น', 'หัวเล็ก', 'แง่ง', 'หัว', 'หัวใหญ่', 'ชิ้น', 'tea_spoon', 'spoon', 'table_spoon', 'gram', 'hundred_gram', 'hand', 'min']",30,0,0,60,0,0,0,0,0,0,0,0,0,0,0,0,0,0,0,0,0,0,0,20,0,0,0,0,0,0,0,0,0,0,5,0,10,0,0,0,0,0,0,0,0,0,0,0,0
77,มาม่า|บะหมี่กึ่งสำเร็จรูป|เส้นหมี่ไวไว|ไวไว|หมี่กึง,"['', 'ห่อเล็ก', 'ซอง', 'ทั้งซอง', 'เส้น', 'ชอง', 'ห่อตามภาพ ต้มได้  คน', 'ก้อน', 'ซอง/กระป๋อง', 'ห่อ', 'table_spoon', 'gram', 'milligram', 'cup', 'avg', 'plate']",0,60,0,0,0,0,0,0,0,0,60,60,5,0,0,0,0,0,0,0,0,0,0,0,0,0,0,0,0,0,0,0,0,0,0,0,0,0,0,0,0,0,0,0,0,0,0,0,0
78,น้ำผึ้ง,"['เส้น', 'tea_spoon', 'table_spoon', 'ladle', 'cup', 'avg']",0,0,0,0,0,0,0,0,0,0,0,0,0,0,0,0,0,0,0,0,0,0,0,0,0,0,0,0,0,0,0,0,0,0,0,0,0,0,0,0,0,0,0,0,0,0,0,0,0
79,^(?!.*ซอส|แป้งทอด).*(คนอร์|รสดี).*|อร่อยชัวร์|ผงปรุงรส|เครื่องปรุงรส|ซุปก้อน|ผงซุปหมูก้อน|ชูรส|ผงซุป|ผงเติมทิพ|ผงดาชิ|ผงปาปริก้า|ดาชิ|ปาปริก้า|เครื่องปรุง|ผงปาปริกา|italian seasoning|ผงนัว|ผงหม่าล่า|ซุปหมูก้อน|ผงหมาล่า|ผงโรยข้าว,"['', 'ชุบไก่', 'ชุด', 'ใส่ไม่ใส่ก็ได้', 'ก้อน', 'ห่อ', 'ซอง', 'กัอน', 'ก้อนเล็ก', 'ซองเล็ก', 'tea_spoon', 'spoon', 'table_spoon', 'gram', 'milligram', 'cup', 'min', 'avg']",0,20,0,0,0,0,0,0,0,0,20,20,0,0,0,0,0,0,0,0,0,0,0,0,0,0,0,0,0,0,0,30,0,0,0,0,0,0,0,0,0,0,0,0,0,0,0,0,0
80,ซอสเห็ดหอม|ซอสเห็ด หอม,"['', 'tea_spoon', 'spoon', 'table_spoon']",0,0,0,0,0,0,0,0,0,0,0,0,0,0,0,0,0,0,0,0,0,0,0,0,0,0,0,0,0,0,0,0,0,0,0,0,0,0,0,0,0,0,0,0,0,0,0,0,0
81,ไชเท้า,"['', 'ลูก', 'หัวเล็ก', 'หัว', 'หัวกลาง', 'อัน']",0,0,50,50,0,0,0,0,0,0,0,0,0,50,0,0,0,0,0,0,0,0,0,0,0,0,0,0,0,0,0,0,0,0,0,0,0,0,0,0,0,0,0,0,0,0,0,0,0
82,พริกแกง,"['', 'บาท', 'ห่อ', 'ซองเล็ก', 'tea_spoon', 'spoon', 'table_spoon', 'ladle', 'kilogram', 'gram', 'hundred_gram', 'cup', 'avg']",0,7,0,0,0,0,0,0,0,0,50,0,0,0,4.545454545,0,0,0,0,0,0,0,0,0,0,0,0,0,0,0,0,0,0,0,0,0,0,0,0,0,0,0,0,0,0,0,0,0,0
83,แป้งข้าวโพด,"['tea_spoon', 'spoon', 'table_spoon', 'ladle', 'gram', 'cup', 'min']",0,0,0,0,0,0,0,0,0,0,0,0,0,0,0,0,0,0,0,0,0,0,0,0,0,0,0,0,0,0,0,0,0,0,0,0,0,0,0,0,0,0,0,0,0,0,0,0,0
84,ซีอิ้วดำหวาน|ซีอิ๊วดำหวาน|ซีอิ๊วหวาน|สี่อิ๋วหวาน|สี่อิ๋วดำสูตรหวาน|ซี๊อิ๋วดำหวาน,"['', 'ห่อ', 'tea_spoon', 'spoon', 'table_spoon', 'ladle', 'cup', 'avg']",0,7,0,0,0,0,0,0,0,0,0,0,0,0,0,0,0,0,0,0,0,0,0,0,0,0,0,0,0,0,0,0,0,0,0,0,0,0,0,0,0,0,0,0,0,0,0,0,0
85,กุนเชียง,"['', 'แท่งยาว', 'เส้น', 'แท่งเล็ก', 'เส้นยาว', 'ท่อน', 'เส้นกลาง', 'แท่ง', 'ชิ้นโต', 'อัน', 'ชิ้น', 'table_spoon', 'gram', 'cup', 'min', 'avg']",50,0,0,0,0,0,0,0,0,0,0,0,50,50,0,0,0,0,0,0,0,0,50,50,0,0,0,0,0,0,0,0,0,0,0,0,0,0,0,0,0,0,0,0,0,0,0,0,0
86,ข้าวคั่ว,"['tea_spoon', 'spoon', 'table_spoon', 'avg']",0,0,0,0,0,0,0,0,0,0,0,0,0,0,0,0,0,0,0,0,0,0,0,0,0,0,0,0,0,0,0,0,0,0,0,0,0,0,0,0,0,0,0,0,0,0,0,0,0
87,กวางตุ้ง,"['', 'ต้นใหญ่', 'ก้าน', 'บาท', 'ต้น', 'kilogram', 'gram', 'hand', 'avg']",0,0,0,0,0,0,0,0,10,0,0,0,0,0,66.66666667,0,0,0,0,0,10,0,0,0,0,0,0,0,0,0,0,0,0,0,0,0,0,0,0,0,0,0,0,0,0,0,0,0,0
88,ลูกชิ้น,"['', 'ถุงเล็ก', 'ลูก', 'แพ็ค', 'ไม้', 'ห่อ', 'ชิ้น', 'ถุง', 'kilogram', 'gram', 'hundred_gram', 'cup', 'min', 'avg']",10,100,10,0,100,0,0,0,0,0,0,0,0,0,0,0,0,0,0,0,0,100,0,0,0,0,0,0,0,0,0,0,0,0,0,0,0,0,0,0,0,100,0,0,0,0,0,0,0
89,ไข่เป็ด,"['', 'ใบ', 'buble']",0,0,0,0,0,0,0,0,0,0,0,0,0,0,0,0,0,60,0,0,0,0,0,0,0,0,0,0,0,0,0,0,0,0,0,0,0,0,0,0,0,0,0,0,0,0,0,0,0
90,ปลากระป๋อง,"['กะป๋อง', 'กระปุก', 'กระป๋อง', 'กป.']",0,0,0,0,0,0,0,0,0,0,0,0,0,0,0,0,200,0,0,0,0,0,0,0,0,0,0,0,0,0,0,0,0,0,0,0,0,0,0,0,0,0,0,0,0,0,0,0,0
91,ผักสลัด,"['', 'ใบ', 'ต้นใหญ่', 'ก้าน', 'ห่อ', 'กอง', 'gram', 'hundred_gram', 'hand', 'cup', 'min', 'avg', 'plate']",0,70,0,0,0,0,0,0,10,0,0,0,0,0,0,0,0,5,0,0,5,0,0,0,0,0,0,0,0,0,0,0,0,0,0,0,0,0,0,0,0,0,0,0,0,0,0,0,0
92,^กระดูกหมู$|กระดูกเล้ง|เล้ง,"['เส้น', 'ชิ้น', 'ถุง', 'kilogram', 'gram', 'hundred_gram', 'avg']",30,0,0,0,100,0,0,0,0,0,0,0,0,0,0,0,0,0,0,0,0,0,0,0,0,0,0,0,0,0,0,0,0,0,0,0,0,0,0,0,0,0,0,0,0,0,0,0,0
93,ปูอัด,"['', 'แพค', 'ก่อเล็ก', 'แท่ง', 'อัน', 'ชิ้น', 'gram', 'hundred_gram', 'hand', 'avg']",20,0,0,0,0,0,0,0,0,0,0,0,0,20,0,0,0,0,0,0,0,0,20,0,0,100,0,0,0,0,0,0,0,0,0,0,0,0,0,0,0,50,0,0,0,0,0,0,0
94,เกล็ดขนมปัง|เกร็ดขนมปัง,"['', 'spoon', 'table_spoon', 'gram', 'cup', 'min', 'avg']",0,0,0,0,0,0,0,0,0,0,0,0,0,0,0,0,0,0,0,0,0,0,0,0,0,0,0,0,0,0,0,0,0,0,0,0,0,0,0,0,0,0,0,0,0,0,0,0,0
95,เส้นโซบะ,"['มัดเล็ก', 'ห่อ', 'gram']",0,100,0,0,0,0,0,0,0,0,0,0,0,0,0,0,0,0,0,0,0,0,0,0,0,0,0,0,100,0,0,0,0,0,0,0,0,0,0,0,0,0,0,0,0,0,0,0,0
96,น้ำหวานดอกมะพร้าว,['tea_spoon'],0,0,0,0,0,0,0,0,0,0,0,0,0,0,0,0,0,0,0,0,0,0,0,0,0,0,0,0,0,0,0,0,0,0,0,0,0,0,0,0,0,0,0,0,0,0,0,0,0
97,น้ำจิ้มหมูหัน,"['tea_spoon', 'table_spoon']",0,0,0,0,0,0,0,0,0,0,0,0,0,0,0,0,0,0,0,0,0,0,0,0,0,0,0,0,0,0,0,0,0,0,0,0,0,0,0,0,0,0,0,0,0,0,0,0,0
98,ถั่วแระญี่ปุ่น,"['gram', 'cup']",0,0,0,0,0,0,0,0,0,0,0,0,0,0,0,0,0,0,0,0,0,0,0,0,0,0,0,0,0,0,0,0,0,0,0,0,0,0,0,0,0,0,0,0,0,0,0,0,0
99,เต้าหู้ไข่,"['หลอด', 'ก้อน', 'อัน', 'ชิ้น', 'ถุง']",20,0,0,0,50,0,0,0,0,0,0,50,0,50,0,0,0,0,0,0,0,0,0,0,0,0,0,0,0,0,0,0,0,0,0,0,0,0,0,0,50,0,0,0,0,0,0,0,0
100,ปลาร้า,"['tea_spoon', 'spoon', 'table_spoon', 'ladle', 'kilogram', 'bottle', 'cup', 'dipper', 'avg']",0,0,0,0,0,0,0,0,0,0,0,0,0,0,0,0,0,0,0,0,0,0,0,0,0,0,0,0,0,0,0,0,0,0,0,0,0,0,0,0,0,0,0,0,0,0,0,0,0
101,^(?!.*น้ำ).*งา.*,"['', 'tea_spoon', 'spoon', 'table_spoon', 'ladle', 'kilogram', 'gram', 'hundred_gram', 'min', 'avg']",0,0,0,0,0,0,0,0,0,0,0,0,0,0,0,0,0,0,0,0,0,0,0,0,0,0,0,0,0,0,0,0,0,0,0,0,0,0,0,0,0,0,0,0,0,0,0,0,0
102,ถั่วลันเตา|ผักสามสี,"['', 'ถุง', 'ชิ้น', 'ฝัก', 'แพ็กเล็ก', 'spoon', 'kilogram', 'gram', 'hundred_gram', 'cup', 'avg', 'plate']",10,0,0,0,100,0,0,0,0,0,0,0,0,0,0,0,0,0,0,0,0,100,0,0,0,0,0,10,0,0,0,0,0,0,0,0,0,0,0,0,0,10,0,0,0,0,0,0,0
103,ถั่วลันเตา,"['', 'ถุง', 'ชิ้น', 'ฝัก', 'แพ็กเล็ก', 'kilogram', 'gram', 'hundred_gram', 'cup', 'avg', 'plate']",10,0,0,0,100,0,0,0,0,0,0,0,0,0,0,0,0,0,0,0,0,100,0,0,0,0,0,10,0,0,0,0,0,0,0,0,0,0,0,0,0,10,0,0,0,0,0,0,0
104,กระชาย,"['ก้าน', 'แง่ง', 'หัว', 'บาท', 'แท่ง', 'table_spoon', 'gram', 'hundred_gram', 'hand', 'pick', 'lobe', 'rhizome', 'cup', 'avg']",0,0,0,50,0,0,0,0,0,0,0,0,0,0,1.785714286,0,0,0,0,0,50,0,50,0,0,0,0,0,0,0,0,0,0,0,0,0,20,0,0,0,0,0,0,0,0,0,0,0,0
105,ผงชูรส,"['', 'tea_spoon', 'table_spoon', 'gram', 'min', 'avg']",0,0,0,0,0,0,0,0,0,0,0,0,0,0,0,0,0,0,0,0,0,0,0,0,0,0,0,0,0,0,0,0,0,0,0,0,0,0,0,0,0,0,0,0,0,0,0,0,0
106,ขนมจีน,"['', 'บาท', 'ห่อ', 'ชุด', 'ตะกร้า', 'kilogram', 'gram', 'hand', 'cup', 'avg']",0,60,0,0,0,0,0,0,0,0,0,0,0,0,9.659090909,0,0,0,0,0,0,0,0,0,0,0,0,0,0,0,0,100,0,0,0,0,0,0,0,0,0,0,0,0,0,0,0,0,0
107,^(?!.*ผัก).*ชีส.*|Mozzarella cheese,"['', 'แผ่น', 'as desire', 'เส้น', 'กระป๋อง', 'แท่ง', 'ชิ้น', 'ถุง', 'table_spoon', 'gram', 'hundred_gram', 'hand', 'cup', 'min', 'avg']",30,0,0,0,100,0,0,0,0,0,0,0,5,0,0,0,100,0,0,30,0,0,30,0,0,0,0,0,0,0,0,0,0,0,0,0,0,0,0,0,0,0,0,0,0,0,0,0,0
108,พริกหยวก|พริกสามสี,"['', 'ดอด', 'ดอก', 'ลูก', 'ผล', 'หัว', 'เม็ด', 'อัน', 'เม็ดใหญ่', 'gram', 'cup', 'min', 'avg']",0,0,50,50,0,0,0,0,0,0,0,0,0,50,0,20,0,0,0,0,0,0,0,0,50,0,0,0,0,20,0,0,0,0,0,0,0,0,0,0,0,0,0,0,0,0,0,0,0
109,เส้นหมี่(?!ซั่ว|ฮกเกี้ยน|เหลือง|ไวไว|หมี่ขาว)|หมี่ขาว|^เส้น$,"['', 'ก้อน', 'ห่อ', 'ซอง', 'ถุง', 'ห่อเล็ก', 'ห่อใหญ่', 'kilogram', 'gram', 'hundred_gram', 'hand', 'cup', 'min', 'avg', 'plate']",0,60,0,0,60,0,0,0,0,0,60,60,0,0,0,0,0,0,0,0,0,0,0,0,0,0,0,0,0,0,0,0,0,0,0,0,0,0,0,0,0,0,0,0,0,0,0,0,0
110,มะเขือเปราะ,"['', 'ลูก', 'ผล', 'gram', 'avg']",0,0,20,0,0,0,0,0,0,0,0,0,0,0,0,0,0,0,0,0,0,0,0,0,20,0,0,0,0,0,0,0,0,0,0,0,0,0,0,0,0,0,0,0,0,0,0,0,0
111,พริกเผา,"['ซอง', 'กระป๋อง', 'tea_spoon', 'spoon', 'table_spoon', 'gram', 'milligram', 'cup', 'min', 'avg']",0,0,0,0,0,0,0,0,0,0,20,0,0,0,0,0,300,0,0,0,0,0,0,0,0,0,0,0,0,0,0,0,0,0,0,0,0,0,0,0,0,0,0,0,0,0,0,0,0
112,ซี่โครงหมู,"['แผ่น', 'เส้น', 'ชิ้นใหญ่', 'ชิ้น', 'kilogram', 'gram', 'hundred_gram']",200,0,0,0,0,0,0,0,0,0,0,0,100,0,0,0,0,0,0,300,0,0,0,0,0,0,0,0,0,0,0,0,0,0,0,0,0,0,0,0,0,0,0,0,0,0,0,0,0
113,เหล้า|สาเก,"['tea_spoon', 'spoon', 'table_spoon', 'cup', 'lid']",0,0,0,0,0,0,0,0,0,0,0,0,0,0,0,0,0,0,0,0,0,0,0,0,0,0,0,0,0,0,0,0,0,0,0,0,0,0,0,0,0,0,0,0,0,0,0,0,0
114,กิมจิ,"['ถุงเล็ก', 'ห่อ', 'ถุง', 'spoon', 'table_spoon', 'gram', 'cup', 'avg']",0,100,0,0,100,0,0,0,0,0,0,0,0,0,0,0,0,0,0,0,0,0,0,0,0,0,0,0,0,0,0,0,0,0,0,0,0,0,0,0,0,0,0,0,0,0,0,0,0
115,ออริกาโน่|อาริกาโน|ออริกาโน|oregano,"['', 'tea_spoon', 'spoon', 'table_spoon', 'min', 'avg']",0,0,0,0,0,0,0,0,0,0,0,0,0,0,0,0,0,0,0,0,0,0,0,0,0,0,0,0,0,0,0,0,0,0,0,0,0,0,0,0,0,0,0,0,0,0,0,0,0
116,มายองเนส,"['', 'ถุง', 'tea_spoon', 'table_spoon', 'gram', 'min', 'avg', 'millitre']",0,0,0,0,50,0,0,0,0,0,0,0,0,0,0,0,0,0,0,0,0,0,0,0,0,0,0,0,0,0,0,0,0,0,0,0,0,0,0,0,0,0,0,0,0,0,0,0,0
117,น้ำจิ้มสุกี้,"['', 'table_spoon', 'gram', 'bottle', 'cup', 'min', 'avg']",0,0,0,0,0,0,0,0,0,0,0,0,0,0,0,0,0,0,0,0,0,0,0,0,0,0,0,0,0,0,0,0,0,0,0,0,0,0,0,0,0,0,0,0,0,0,0,0,0
118,ขิง,"['', 'แว่น', 'ข้อนิ้ว', 'แง่ง', 'หัว', 'ชิ้น', 'หนึ่งเสี้ยวเล็ก', 'tea_spoon', 'spoon', 'table_spoon', 'gram', 'hundred_gram', 'hand', 'cup', 'min', 'avg']",100,0,0,100,0,0,0,0,0,0,0,0,0,0,0,0,0,0,0,0,0,0,0,0,0,0,0,0,0,0,0,0,0,0,2,0,20,0,20,0,0,0,0,0,0,0,0,0,0
119,ชะอม,"['มัด', 'แพ', 'gram', 'hand', 'cup', 'avg']",0,0,0,0,0,0,0,0,0,0,0,0,0,0,0,0,0,0,0,0,0,0,0,0,0,0,0,0,200,0,0,0,0,0,0,0,0,0,0,0,0,100,0,0,0,0,0,0,0
120,^ผัก$|ผักที่ชอบ,"['', 'gram', 'avg']",0,0,0,0,0,0,0,0,0,0,0,0,0,0,0,0,0,0,0,0,0,0,0,0,0,0,0,0,0,0,0,0,0,0,0,0,0,0,0,0,0,0,0,0,0,0,0,0,0
121,^ผัก$|ผักต่างๆ|ผักสด|ผักเครื่องเคียง|ผักตามชอบ,"['', 'gram', 'avg', 'plate']",0,0,0,0,0,0,0,0,0,0,0,0,0,0,0,0,0,0,0,0,0,0,0,0,0,0,0,0,0,0,0,0,0,0,0,0,0,0,0,0,0,0,0,0,0,0,0,0,0
122,แหนม|เเหนม,"['ท่อนยาว', '', 'ลูก', 'แท่งเล็ก', 'ท่อน', 'ห่อ', 'แท่ง', 'ท่อนเล็ก', 'อัน', 'ชิ้น', 'แพ๊คเล็ก', 'เม็ด', 'tea_spoon', 'table_spoon', 'gram', 'hundred_gram']",50,100,20,0,0,0,0,0,0,0,0,0,0,50,0,20,0,0,0,0,0,0,100,100,0,0,0,0,0,0,0,0,0,0,0,0,0,0,0,0,0,500,0,0,0,0,0,0,0
123,นมข้น,"['กระป๋อง', 'spoon', 'table_spoon', 'milligram', 'cup']",0,0,0,0,0,0,0,0,0,0,0,0,0,0,0,0,100,0,0,0,0,0,0,0,0,0,0,0,0,0,0,0,0,0,0,0,0,0,0,0,0,0,0,0,0,0,0,0,0
124,มักกะโรนี|มะกะโรนีต้มสุก|มะกะโรนี,"['', 'เส้น', 'ห่อ', 'gram', 'hand', 'cup', 'avg', 'buble', 'plate']",0,100,0,0,0,0,0,0,0,0,0,0,100,0,0,0,0,0,0,0,0,0,0,0,0,0,0,0,0,0,0,0,0,0,0,0,0,0,0,0,0,0,0,0,0,0,0,0,0
125,อบเชย,"['ท่อน', '/', 'แท่ง', 'อัน', 'ชิ้น', 'tea_spoon', 'gram']",10,0,0,0,0,0,0,0,0,0,0,0,0,10,0,0,0,0,0,0,0,0,100,100,0,0,0,0,0,0,0,0,0,0,0,0,0,0,0,0,0,0,0,0,0,0,0,0,0
126,ตับ,"['', 'พวง', 'ตับ', 'ก้อน', 'ชิ้น', 'ไม้', 'บาท', 'table_spoon', 'kilogram', 'gram', 'hundred_gram', 'hand', 'cup', 'avg']",50,0,0,0,0,0,0,0,0,0,0,500,0,0,7.142857143,0,0,0,0,0,0,0,0,0,0,0,0,0,0,0,0,0,0,0,0,0,0,0,0,0,0,0,0,0,0,0,0,0,0
127,หมูกรอบ,"['เส้น', 'kilogram', 'gram', 'hundred_gram', 'cup', 'avg']",0,0,0,0,0,0,0,0,0,0,0,0,200,0,0,0,0,0,0,0,0,0,0,0,0,0,0,0,0,0,0,0,0,0,0,0,0,0,0,0,0,0,0,0,0,0,0,0,0
128,ผักโขม|ผักขม,"['แพ็ค', 'ต้น', 'ถุง', 'table_spoon', 'gram', 'hand', 'cup', 'min', 'avg']",0,0,0,0,100,0,0,0,100,0,0,0,0,0,0,0,0,0,0,0,0,100,0,0,0,0,0,0,0,0,0,0,0,0,0,0,0,0,0,0,0,100,0,0,0,0,0,0,0
129,เส้นจันทน์,"['kilogram', 'gram']",0,0,0,0,0,0,0,0,0,0,0,0,0,0,0,0,0,0,0,0,0,0,0,0,0,0,0,0,0,0,0,0,0,0,0,0,0,0,0,0,0,0,0,0,0,0,0,0,0
130,ใบเบย์,['ใบ'],0,0,0,0,0,0,0,0,0,0,0,0,0,0,0,0,0,1,0,0,0,0,0,0,0,0,0,0,0,0,0,0,0,0,0,0,0,0,0,0,0,0,0,0,0,0,0,0,0
131,ปลาแผ่น,"['เส้น', 'ชิ้น', 'แท่ง']",10,0,0,0,0,0,0,0,0,0,0,0,10,0,0,0,0,0,0,0,0,0,10,0,0,0,0,0,0,0,0,0,0,0,0,0,0,0,0,0,0,0,0,0,0,0,0,0,0
132,^มันหมู$,"['table_spoon', 'hundred_gram']",0,0,0,0,0,0,0,0,0,0,0,0,0,0,0,0,0,0,0,0,0,0,0,0,0,0,0,0,0,0,0,0,0,0,0,0,0,0,0,0,0,0,0,0,0,0,0,0,0
133,ขาไก่,"['ขา', 'kilogram']",0,0,0,0,0,0,0,0,0,50,0,0,0,0,0,0,0,0,0,0,0,0,0,0,0,0,0,0,0,0,0,0,0,0,0,0,0,0,0,0,0,0,0,0,0,0,0,0,0
134,แปะก๊วย,"['เมล็ด', 'gram', 'hundred_gram']",0,0,0,0,0,0,0,0,0,0,0,0,0,0,0,2,0,0,0,0,0,0,0,0,0,0,0,0,0,0,0,0,0,0,0,0,0,0,0,0,0,0,0,0,0,0,0,0,0
135,วาซาบิ,"['', 'tea_spoon']",0,0,0,0,0,0,0,0,0,0,0,0,0,0,0,0,0,0,0,0,0,0,0,0,0,0,0,0,0,0,0,0,0,0,0,0,0,0,0,0,0,0,0,0,0,0,0,0,0
136,^ฟัก$,"['ลูก', 'hundred_gram']",0,0,500,0,0,0,0,0,0,0,0,0,0,0,0,0,0,0,0,0,0,0,0,0,0,0,0,0,0,0,0,0,0,0,0,0,0,0,0,0,0,0,0,0,0,0,0,0,0
137,ไทม์,"['', 'ก้าน', 'ต้น', 'tea_spoon', 'pick']",0,0,0,0,0,0,0,0,1,0,0,0,0,0,0,0,0,0,0,0,1,0,0,0,0,0,0,0,0,0,0,0,0,0,0,0,0,0,0,0,0,0,0,0,0,0,0,0,0
138,โคชูจัง,"['tea_spoon', 'table_spoon', 'gram', 'cup']",0,0,0,0,0,0,0,0,0,0,0,0,0,0,0,0,0,0,0,0,0,0,0,0,0,0,0,0,0,0,0,0,0,0,0,0,0,0,0,0,0,0,0,0,0,0,0,0,0
139,ซีอิ๊วเห็ดหอม|ซีอิ้วเห็ดหอม,"['tea_spoon', 'table_spoon', 'cup', 'min', 'avg']",0,0,0,0,0,0,0,0,0,0,0,0,0,0,0,0,0,0,0,0,0,0,0,0,0,0,0,0,0,0,0,0,0,0,0,0,0,0,0,0,0,0,0,0,0,0,0,0,0
140,ไข่กุ้ง,"['tea_spoon', 'spoon', 'table_spoon', 'gram', 'min', 'avg']",0,0,0,0,0,0,0,0,0,0,0,0,0,0,0,0,0,0,0,0,0,0,0,0,0,0,0,0,0,0,0,0,0,0,0,0,0,0,0,0,0,0,0,0,0,0,0,0,0
141,^(?!.*น้ำพริก).*มันกุ้ง.*,"['ตัว', 'spoon', 'table_spoon', 'kilogram', 'hundred_gram']",0,0,0,0,0,0,0,0,0,0,0,0,0,0,0,0,0,0,0,0,0,0,0,0,0,0,0,0,0,0,0,0,0,0,0,0,0,0,0,0,0,0,0,0,0,0,0,0,0
142,^เต้าหู้(?!ไข่),"['ก้อนสี่เหลี่ยม', 'แพค', 'ก้อน', 'อัน', 'หั่นชิ้น', 'หลอด', 'ชิ้น', 'แผ่น', 'ลูก', 'กล่อง', 'พวง', 'table_spoon', 'gram', 'cup', 'avg']",120,0,120,0,0,0,0,0,0,0,0,120,0,120,0,0,0,0,0,120,0,0,0,0,0,120,0,0,0,0,120,0,0,120,0,0,0,0,0,0,120,120,0,0,0,0,0,0,0
143,ทูน่า,"['', 'ตัว/กระป๋อง', 'กระป๋อง', 'กระป๋องเล็ก', 'ชิ้น', 'table_spoon', 'gram', 'cup']",200,0,0,0,0,0,0,0,0,0,0,0,0,0,0,0,170,0,0,0,0,0,0,0,0,0,220,0,0,0,0,0,0,0,0,0,0,0,0,0,0,0,0,0,0,0,0,0,0
144,เบค่อน,"['', 'เส้น', 'แพค', 'ห่อ', 'gram', 'avg']",0,500,0,0,0,0,0,0,0,0,0,0,50,0,0,0,0,0,0,0,0,0,0,0,0,500,0,0,0,0,0,0,0,0,0,0,0,0,0,0,0,500,0,0,0,0,0,0,0
145,กระเฉด|ผักกะเฉด,"['', 'ต้น', 'gram', 'hundred_gram', 'hand', 'cup', 'min', 'avg', 'plate']",0,0,0,0,0,0,0,0,40,0,0,0,0,0,0,0,0,0,0,0,0,0,0,0,0,0,0,0,0,0,0,0,0,0,0,0,0,0,0,0,0,0,0,0,0,0,0,0,0
146,เกี๊ยว,"['', 'แผ่น', 'ลูก', 'แพ็ค', 'ห่อ', 'ชิ้น', 'ถุง', 'gram', 'cup', 'avg']",10,10,10,0,500,0,0,0,0,0,0,0,0,0,0,0,0,0,0,5,0,500,0,0,0,0,0,0,0,0,0,0,0,0,0,0,0,0,0,0,0,500,0,0,0,0,0,0,0
147,สะตอ|สตอ,"['', 'แพ็ค', 'เม็ด', 'ต้น', 'ฝัก', 'gram', 'milligram', 'cup', 'avg', 'buble']",0,0,0,0,0,0,0,0,35,0,0,0,0,0,0,35,0,0,0,0,0,200,0,0,0,0,0,35,0,0,0,0,0,0,0,0,0,0,0,0,0,200,0,0,0,0,0,0,0
148,ถั่วลิสง,"['', 'ถุง', 'tea_spoon', 'table_spoon', 'gram', 'hundred_gram', 'hand', 'cup', 'min', 'avg']",0,0,0,0,200,0,0,0,0,0,0,0,0,0,0,0,0,0,0,0,0,0,0,0,0,0,0,0,0,0,0,0,0,0,0,0,0,0,0,0,0,0,0,0,0,0,0,0,0
149,เส้นเล็ก|เส้นผัดไท,"['', 'หัว', 'ห่อ', 'gram', 'hand', 'pick', 'cup', 'avg']",0,50,0,0,0,0,0,0,0,0,0,0,0,0,0,0,0,0,0,0,0,0,0,0,0,0,0,0,0,0,0,0,0,0,0,0,0,0,0,0,0,0,0,0,0,0,0,0,0
150,ซอสเทริยากิ|ซอสเทอริยากิ,"['', 'spoon', 'table_spoon', 'cup']",0,0,0,0,0,0,0,0,0,0,0,0,0,0,0,0,0,0,0,0,0,0,0,0,0,0,0,0,0,0,0,0,0,0,0,0,0,0,0,0,0,0,0,0,0,0,0,0,0
151,เลือด,"['ก้อน', 'หลอด', 'gram', 'hundred_gram']",0,0,0,0,0,0,0,0,0,0,0,50,0,0,0,0,0,0,0,0,0,0,0,0,0,0,0,0,0,0,0,0,0,0,0,0,0,0,0,0,0,0,0,0,0,0,0,0,0
152,ฟักทอง,"['', 'ชิ้นเล็ก', 'ลูกเล็ก', 'ลูก', 'ชิ้น', 'gram', 'cup', 'min', 'avg']",200,0,1000,0,0,0,0,0,0,0,0,0,0,0,0,0,0,0,0,0,0,0,0,0,0,0,0,0,0,0,0,0,0,0,0,0,0,0,0,0,0,0,0,0,0,0,0,0,0
153,ใบกระวาน,['ใบ'],0,0,0,0,0,0,0,0,0,0,0,0,0,0,0,0,0,0.5,0,0,0,0,0,0,0,0,0,0,0,0,0,0,0,0,0,0,0,0,0,0,0,0,0,0,0,0,0,0,0
154,กุยช่าย|กุ้ยช่าย|กุ่ยช่าย|ใบกุ้ยฉ่าย,"['', 'นิ้ว', 'ต้น', 'table_spoon', 'gram', 'hundred_gram', 'hand', 'cup', 'min', 'avg']",0,0,0,0,0,0,0,0,10,0,0,0,0,0,0,0,0,0,0,0,0,0,0,0,0,0,0,0,0,0,0,0,0,0,0,0,0,0,0,0,0,0,0,0,0,0,0,0,0
155,ผงกะหรี่|ผงกระหรี่,"['ถุงเล็ก', 'ซอง', 'กล่อง', 'ก้อน', 'tea_spoon', 'spoon', 'table_spoon', 'min']",0,0,0,0,115,0,0,0,0,0,115,115,0,0,0,0,0,0,0,0,0,0,0,0,0,0,0,0,0,0,115,0,0,0,0,0,0,0,0,0,0,0,0,0,0,0,0,0,0
156,มะเขือพวง,"['ลูก', 'gram', 'hand', 'pick', 'cup', 'avg']",0,0,450,0,0,0,0,0,0,0,0,0,0,0,0,0,0,0,0,0,0,0,0,0,0,0,0,0,0,0,0,0,0,0,0,0,0,0,0,0,0,0,0,0,0,0,0,0,0
157,มะเขือยาว,"['ลูก', 'ผล', 'อัน', 'kilogram', 'hundred_gram']",0,0,450,0,0,0,0,0,0,0,0,0,0,450,0,0,0,0,0,0,0,0,0,0,450,0,0,0,0,0,0,0,0,0,0,0,0,0,0,0,0,0,0,0,0,0,0,0,0
158,เส้นก๋วยเตี๋ยว,"['ห่อเล็ก', '', 'ถุง', 'kilogram', 'gram', 'hand', 'cup', 'avg']",0,50,0,0,50,0,0,0,0,0,0,0,0,0,0,0,0,0,0,0,0,0,0,0,0,0,0,0,0,0,0,0,0,0,0,0,0,0,0,0,0,0,0,0,0,0,0,0,0
159,น้ำพริก(?!เผา)|พริกหนุ่ม,"['', 'บาท', 'เม็ด', 'tea_spoon', 'spoon', 'table_spoon', 'kilogram', 'gram', 'hundred_gram', 'cup', 'avg']",0,0,0,0,0,0,0,0,0,0,0,0,0,0,2.571428571,10,0,0,0,0,0,0,0,0,0,0,0,0,0,0,0,0,0,0,0,0,0,0,0,0,0,0,0,0,0,0,0,0,0
160,เม็ดมะม่วง,"['ถุงเล็ก', '', 'tea_spoon', 'table_spoon', 'gram', 'cup', 'min', 'avg']",0,0,0,0,100,0,0,0,0,0,0,0,0,0,0,0,0,0,0,0,0,0,0,0,0,0,0,0,0,0,0,0,0,0,0,0,0,0,0,0,0,0,0,0,0,0,0,0,0
161,^ข้าวโพด(?!อ่อน)|ผักสามสี,"['', 'ฝัก', 'spoon', 'table_spoon', 'gram', 'hand', 'cup', 'avg', 'buble']",0,0,0,0,0,0,0,0,0,0,0,0,0,0,0,0,0,0,0,0,0,0,0,0,0,0,0,130,0,0,0,0,0,0,0,0,0,0,0,0,0,0,0,0,0,0,0,0,0
162,เส้นเซี่ยงไฮ้,"['ห่อ', 'gram']",0,200,0,0,0,0,0,0,0,0,0,0,0,0,0,0,0,0,0,0,0,0,0,0,0,0,0,0,0,0,0,0,0,0,0,0,0,0,0,0,0,0,0,0,0,0,0,0,0
163,เส้นปลา|ปลาเส้น,"['เส้น', 'ชิ้น', 'ห่อ']",2,50,0,0,0,0,0,0,0,0,0,0,2,0,0,0,0,0,0,0,0,0,0,0,0,0,0,0,0,0,0,0,0,0,0,0,0,0,0,0,0,0,0,0,0,0,0,0,0
164,บะหมี่(?!กึ่ง)|หมี่เหลือง|เส้นหมี่ฮกเกี้ยน|เส้นหมี่เหลือง|หมี่ฮ่องกง|เส้นเหลือง|หมี่หยก|หมี่เบตง|หมี่ฮกเกี้ยน|^เส้น$,"['', 'ก้อน/ที่', 'ก้อน', 'คนทาน', 'ห่อ', 'ซอง', 'หัว', 'ถุง', 'แพ', 'kilogram', 'gram', 'milligram', 'bottle', 'hand', 'pick', 'cup', 'avg']",0,50,0,0,50,0,0,0,0,0,50,50,0,0,0,0,0,0,0,0,0,0,0,0,0,0,0,0,0,0,0,0,0,0,0,0,0,0,0,0,0,50,0,0,0,0,0,0,0
165,หน่อไม้,"['', 'แพ็ค', 'ต้น', 'แท่ง', 'หน่อ', 'ถุง', 'table_spoon', 'ladle', 'kilogram', 'gram', 'hundred_gram', 'hand', 'cup', 'avg']",0,0,0,0,500,0,0,0,90,0,0,0,0,0,0,0,0,0,0,0,0,400,90,0,0,0,0,0,0,0,0,0,0,0,0,0,0,0,0,0,0,400,0,0,0,0,0,0,0
166,มะขามเปียก,"['', 'ปั้น', 'ฝัก', 'tea_spoon', 'spoon', 'table_spoon', 'ladle', 'gram', 'cup', 'dipper', 'min', 'avg']",0,0,0,0,0,0,0,0,0,0,0,0,0,0,0,0,0,0,0,0,0,0,0,0,0,0,0,15,0,0,0,0,0,0,0,0,0,0,0,0,0,0,0,0,0,0,0,0,0
167,แป้งอเนกประสงค์|แป้งสาลีอเนกประสงค์|แป้งสาลี|แป้งเอนกประสงค์,"['', 'spoon', 'table_spoon', 'gram', 'cup']",0,0,0,0,0,0,0,0,0,0,0,0,0,0,0,0,0,0,0,0,0,0,0,0,0,0,0,0,0,0,0,0,0,0,0,0,0,0,0,0,0,0,0,0,0,0,0,0,0
168,ตั้งฉ่าย|ตังฉ่าย,"['tea_spoon', 'table_spoon', 'pick', 'cup', 'min', 'avg']",0,0,0,0,0,0,0,0,0,0,0,0,0,0,0,0,0,0,0,0,0,0,0,0,0,0,0,0,0,0,0,0,0,0,0,0,0,0,0,0,0,0,0,0,0,0,0,0,0
169,ดอกกะหล่ำ|กะหล่ำดอก|ดอกกระหล่ำ,"['', 'หัวเล็ก', 'หัว', 'ชิ้น', 'gram']",4,0,0,600,0,0,0,0,0,0,0,0,0,0,0,0,0,0,0,0,0,0,0,0,0,0,0,0,0,0,0,0,0,0,0,0,0,0,0,0,0,0,0,0,0,0,0,0,0
170,พาสต้า|pasta,"['', 'ซอง', 'กระป๋อง', 'gram', 'hand', 'cup', 'min']",0,0,0,0,0,0,0,0,0,0,250,0,0,0,0,0,300,0,0,0,0,0,0,0,0,0,0,0,0,0,0,0,0,0,0,0,0,0,0,0,0,0,0,0,0,0,0,0,0
171,^ขนมปัง,"['', 'แผ่น', 'แพ็ค', 'ก้อน', 'ห่อ', 'ชิ้น', 'gram']",24,240,0,0,0,0,0,0,0,0,0,240,0,0,0,0,0,0,0,24,0,240,0,0,0,0,0,0,0,0,0,0,0,0,0,0,0,0,0,0,0,240,0,0,0,0,0,0,0
172,บล็อคโคลี่|บล๊อคโคลี่|บล็อคโครี่|บล๊อกโคลี่|บรอคคอลลี่|บร็อคโคลี่|บร๊อคโคลี่|บล็อกโคลี่,"['', 'ก้าน', 'หัว', 'ต้น', 'table_spoon', 'gram', 'cup', 'min', 'avg']",0,0,0,300,0,0,0,0,300,0,0,0,0,0,0,0,0,0,0,0,300,0,0,0,0,0,0,0,0,0,0,0,0,0,0,0,0,0,0,0,0,0,0,0,0,0,0,0,0
173,น้ำเชื่อม,"['', 'tea_spoon', 'spoon', 'table_spoon', 'ladle', 'gram', 'milligram', 'avg']",0,0,0,0,0,0,0,0,0,0,0,0,0,0,0,0,0,0,0,0,0,0,0,0,0,0,0,0,0,0,0,0,0,0,0,0,0,0,0,0,0,0,0,0,0,0,0,0,0
174,น้ำจิ้มไก่,"['', 'spoon', 'table_spoon', 'bottle']",0,0,0,0,0,0,0,0,0,0,0,0,0,0,0,0,0,0,0,0,0,0,0,0,0,0,0,0,0,0,0,0,0,0,0,0,0,0,0,0,0,0,0,0,0,0,0,0,0
175,หมี่ซั่ว,"['แพค', 'ก้อน', 'ห่อ', 'ใจ', 'gram', 'hand']",0,80,0,0,0,0,0,0,0,0,0,50,0,0,0,0,0,0,0,0,0,0,0,0,0,80,0,0,0,0,0,0,0,0,0,0,0,0,0,0,0,80,0,0,0,0,0,0,0
176,โป๊ยกั๊ก,"['อัน', 'ดอก', 'ชิ้น']",5,0,0,0,0,0,0,0,0,0,0,0,0,5,0,0,0,0,0,0,0,0,0,0,0,0,0,0,0,5,0,0,0,0,0,0,0,0,0,0,0,0,0,0,0,0,0,0,0
177,น้ำกระเทียมดอง,"['table_spoon', 'gram', 'milligram']",0,0,0,0,0,0,0,0,0,0,0,0,0,0,0,0,0,0,0,0,0,0,0,0,0,0,0,0,0,0,0,0,0,0,0,0,0,0,0,0,0,0,0,0,0,0,0,0,0
178,มะละกอ,"['', 'ลูก', 'gram', 'hand', 'pick', 'cup', 'avg']",0,0,800,0,0,0,0,0,0,0,0,0,0,0,0,0,0,0,0,0,0,0,0,0,0,0,0,0,0,0,0,0,0,0,0,0,0,0,0,0,0,0,0,0,0,0,0,0,0
179,^(?!.*น้ำ).*มะพร้าว.*,"['', 'หัว', 'tea_spoon', 'table_spoon', 'kilogram', 'gram', 'hundred_gram', 'hand', 'cup']",0,0,0,650,0,0,0,0,0,0,0,0,0,0,0,0,0,0,0,0,0,0,0,0,0,0,0,0,0,0,0,0,0,0,0,0,0,0,0,0,0,0,0,0,0,0,0,0,0
180,ปู(?!อัด),"['ตัวเล็ก', 'ตัว', 'table_spoon', 'kilogram', 'gram', 'milligram', 'hundred_gram', 'cup', 'avg']",0,0,0,0,0,0,0,0,0,0,0,0,0,0,0,0,0,0,0,0,0,0,0,0,0,0,200,0,0,0,0,0,0,0,0,0,0,0,0,0,0,0,0,0,0,0,0,0,0
181,^(?!.*เป็ด).*พะโล้,"['ซอง', 'เส้น', 'ห่อ', 'ชุด', 'table_spoon', 'gram', 'hundred_gram', 'avg', 'plate']",0,60,0,0,0,0,0,0,0,0,60,0,0,0,0,0,0,0,0,0,0,0,0,0,0,0,0,0,0,0,0,60,0,0,0,0,0,0,0,0,0,0,0,0,0,0,0,0,0
182,น้ำสต๊อก|น้ำสต็อก|น้ำสต้อค,"['', 'ก้อน', 'spoon', 'table_spoon', 'cup', 'dipper', 'min', 'plate']",0,0,0,0,0,0,0,0,0,0,0,200,0,0,0,0,0,0,0,0,0,0,0,0,0,0,0,0,0,0,0,0,0,0,0,0,0,0,0,0,0,0,0,0,0,0,0,0,0
183,หมูหยอง,"['', 'table_spoon', 'hundred_gram', 'pick', 'avg']",0,0,0,0,0,0,0,0,0,0,0,0,0,0,0,0,0,0,0,0,0,0,0,0,0,0,0,0,0,0,0,0,0,0,0,0,0,0,0,0,0,0,0,0,0,0,0,0,0
184,ตีนไก่,"['ตีน', 'kilogram', 'gram']",0,0,0,0,0,0,0,0,0,0,0,0,0,0,0,0,0,0,0,0,0,0,0,0,0,0,0,0,0,0,0,0,0,0,0,0,0,0,0,0,0,0,0,0,0,0,0,0,0
185,สับปะรด|สัปปะรด,"['ชิ้นเล็ก', 'ลูก', 'ผล', 'หัว', 'ชิ้น', 'tea_spoon', 'spoon', 'gram', 'milligram', 'cup']",100,0,1000,1000,0,0,0,0,0,0,0,0,0,0,0,0,0,0,0,0,0,0,0,0,1000,0,0,0,0,0,0,0,0,0,0,0,0,0,0,0,0,0,0,0,0,0,0,0,0
186,ฟองเต้าหู้,"['แผ่น', 'แพ', 'ห่อ', 'ถุง', 'table_spoon', 'gram', 'cup']",0,10,0,0,100,0,0,0,0,0,0,0,0,0,0,0,0,0,0,50,0,0,0,0,0,0,0,0,0,0,0,0,0,0,0,0,0,0,0,0,0,100,0,0,0,0,0,0,0
187,น้ำสลัด,"['', 'ซอง', 'table_spoon', 'milligram', 'bottle', 'cup', 'avg']",0,0,0,0,0,0,0,0,0,0,60,0,0,0,0,0,0,0,0,0,0,0,0,0,0,0,0,0,0,0,0,0,0,0,0,0,0,0,0,0,0,0,0,0,0,0,0,0,0
188,มัสตาร์ด,"['', 'tea_spoon', 'spoon', 'table_spoon', 'avg']",0,0,0,0,0,0,0,0,0,0,0,0,0,0,0,0,0,0,0,0,0,0,0,0,0,0,0,0,0,0,0,0,0,0,0,0,0,0,0,0,0,0,0,0,0,0,0,0,0
189,พริกหวาน,"['ลูกเล็ก', 'ลูก', 'หัว', 'เม็ด', 'table_spoon', 'gram', 'hundred_gram', 'cup', 'min', 'avg']",0,0,150,150,0,0,0,0,0,0,0,0,0,0,0,150,0,0,0,0,0,0,0,0,0,0,0,0,0,0,0,0,0,0,0,0,0,0,0,0,0,0,0,0,0,0,0,0,0
190,มะระ,"['', 'ลูก', 'อัน', 'gram']",0,0,150,0,0,0,0,0,0,0,0,0,0,150,0,0,0,0,0,0,0,0,0,0,0,0,0,0,0,0,0,0,0,0,0,0,0,0,0,0,0,0,0,0,0,0,0,0,0
191,แครรอท,"['เส้น', 'หัว', 'gram', 'cup']",0,0,0,50,0,0,0,0,0,0,0,0,3,0,0,0,0,0,0,0,0,0,0,0,0,0,0,0,0,0,0,0,0,0,0,0,0,0,0,0,0,0,0,0,0,0,0,0,0
192,เก๋ากี้,"['เม็ด', 'table_spoon', 'cup']",0,0,0,0,0,0,0,0,0,0,0,0,0,0,0,0.5,0,0,0,0,0,0,0,0,0,0,0,0,0,0,0,0,0,0,0,0,0,0,0,0,0,0,0,0,0,0,0,0,0
193,^(?!.*น้ำ|ซอส|ซอย|นำ้|ซอล|ไวไว|นํ้ามัน).*หอย.*,"['', 'แพค', 'ห่อ', 'ซอง', 'ตัว', 'ชิ้น', 'table_spoon', 'kilogram', 'gram', 'hundred_gram', 'cup', 'avg']",20,150,0,0,0,0,0,0,0,0,150,0,0,0,0,0,0,0,0,0,0,0,0,0,0,150,20,0,0,0,0,0,0,0,0,0,0,0,0,0,0,150,0,0,0,0,0,0,0
194,อุด้ง,"['มัด', 'ถุง', 'table_spoon', 'gram', 'avg']",0,0,0,0,80,0,0,0,0,0,0,0,0,0,0,0,0,0,0,0,0,0,0,0,0,0,0,0,100,0,0,0,0,0,0,0,0,0,0,0,0,0,0,0,0,0,0,0,0
195,^มะม่วง,"['', 'ลูก', 'ผล', 'table_spoon', 'gram', 'pick', 'cup', 'min']",0,0,150,0,0,0,0,0,0,0,0,0,0,0,0,0,0,0,0,0,0,0,0,0,150,0,0,0,0,0,0,0,0,0,0,0,0,0,0,0,0,0,0,0,0,0,0,0,0
196,โครงไก่,"['โครง', 'ชิ้น', 'ตัว']",370,0,0,0,0,0,0,0,0,0,0,0,0,0,0,0,0,0,0,0,0,0,0,0,0,0,370,0,0,0,0,0,0,0,0,0,0,0,0,0,0,0,0,0,0,0,370,0,0
197,ข้าวไรซ์เบอรี่|ข้าวไรซ์เบอร์รี่,"['ห่อ', 'ladle', 'gram', 'cup', 'min']",0,70,0,0,0,0,0,0,0,0,0,0,0,0,0,0,0,0,0,0,0,0,0,0,0,0,0,0,0,0,0,0,0,0,0,0,0,0,0,0,0,0,0,0,0,0,0,0,0
198,หมูแดง,"['แผ่น', 'ซอง', 'เส้น', 'gram', 'hundred_gram', 'cup', 'avg', 'plate']",0,0,0,0,0,0,0,0,0,0,0,0,240,0,0,0,0,0,0,50,0,0,0,0,0,0,0,0,0,0,0,0,0,0,0,0,0,0,0,0,0,0,0,0,0,0,0,0,0
199,โรสแมรี่,"['ก้าน', 'tea_spoon', 'table_spoon', 'pick', 'avg']",0,0,0,0,0,0,0,0,0,0,0,0,0,0,0,0,0,0,0,0,4,0,0,0,0,0,0,0,0,0,0,0,0,0,0,0,0,0,0,0,0,0,0,0,0,0,0,0,0
200,ต้นอ่อนทานตะวัน|ยอดอ่อนทานตะวัน,"['', 'ต้น', 'ถุง', 'gram', 'hundred_gram', 'cup', 'avg']",0,0,0,0,125,0,0,0,2.5,0,0,0,0,0,0,0,0,0,0,0,0,0,0,0,0,0,0,0,0,0,0,0,0,0,0,0,0,0,0,0,0,0,0,0,0,0,0,0,0
202,เส้นยากิโซบะ,"['gram', 'cup']",0,0,0,0,0,0,0,0,-,0,0,0,0,0,0,0,0,0,0,0,0,0,0,0,0,0,0,0,0,0,0,0,0,0,0,0,0,0,0,0,0,0,0,0,0,0,0,0,0
203,ลูกผักชี,"['ลูก', 'tea_spoon', 'table_spoon', 'pick', 'avg']",0,0,1,0,0,0,0,0,0,0,0,0,0,0,0,0,0,0,0,0,0,0,0,0,0,0,0,0,0,0,0,0,0,0,0,0,0,0,0,0,0,0,0,0,0,0,0,0,0
204,ไส้อั่ว,"['ชิ้น', 'ชิ้นเล็ก', 'kilogram', 'gram']",100,0,0,0,0,0,0,0,0,0,0,0,0,0,0,0,0,0,0,0,0,0,0,0,0,0,0,0,0,0,0,0,0,0,0,0,0,0,0,0,0,0,0,0,0,0,0,0,0
205,สะระแหน่|ใบสาระแหน่,"['', 'ต้น', 'gram', 'hand', 'pick', 'cup', 'avg']",0,0,0,0,0,0,0,0,0.25,0,0,0,0,0,0,0,0,0,0,0,0,0,0,0,0,0,0,0,0,0,0,0,0,0,0,0,0,0,0,0,0,0,0,0,0,0,0,0,0
206,เส้นก๋วยจั๊บ,"['ห่อ', 'kilogram', 'gram', 'hundred_gram', 'hand', 'cup']",0,100,0,0,0,0,0,0,0,0,0,0,0,0,0,0,0,0,0,0,0,0,0,0,0,0,0,0,0,0,0,0,0,0,0,0,0,0,0,0,0,0,0,0,0,0,0,0,0
207,ผงฟู,"['tea_spoon', 'spoon', 'table_spoon']",0,0,0,0,0,0,0,0,0,0,0,0,0,0,0,0,0,0,0,0,0,0,0,0,0,0,0,0,0,0,0,0,0,0,0,0,0,0,0,0,0,0,0,0,0,0,0,0,0
208,ฮอตดอก,"['อัน', 'ชิ้น', 'แท่ง']",45,0,0,0,0,0,0,0,0,0,0,0,0,45,0,0,0,0,0,0,0,0,45,0,0,0,0,0,0,0,0,0,0,0,0,0,0,0,0,0,0,0,0,0,0,0,0,0,0
209,^(?!.*ลูกชิ้น|หมู).*เนื้อ(?!.*หมู|.*ไก่|กุ้ง|ปลา|ปู|หอย|เป็ด),"['', 'โครง', 'ใส่/ไม่ใส่', 'ก้อนเล็ก', 'ชิ้น', 'ตัว', 'กระป๋อง', 'tea_spoon', 'table_spoon', 'kilogram', 'gram', 'hundred_gram', 'cup', 'avg']",200,0,0,0,0,0,0,0,0,0,0,200,0,0,0,0,150,0,0,0,0,0,0,0,0,0,200,0,0,0,0,0,0,0,0,0,0,0,0,0,0,0,0,0,0,0,150,0,0
210,^แป้ง$|แป้งชุปทอด,"['ถุง', 'table_spoon']",0,0,0,0,100,0,0,0,0,0,0,0,0,0,0,0,0,0,0,0,0,0,0,0,0,0,0,0,0,0,0,0,0,0,0,0,0,0,0,0,0,0,0,0,0,0,0,0,0
211,ซอสเย็นตาโฟ,"['', 'table_spoon', 'gram', 'cup']",0,0,0,0,0,0,0,0,0,0,0,0,0,0,0,0,0,0,0,0,0,0,0,0,0,0,0,0,0,0,0,0,0,0,0,0,0,0,0,0,0,0,0,0,0,0,0,0,0
212,น้ำจิ้มซีฟู้ด,"['table_spoon', 'cup', 'avg']",0,0,0,0,0,0,0,0,0,0,0,0,0,0,0,0,0,0,0,0,0,0,0,0,0,0,0,0,0,0,0,0,0,0,0,0,0,0,0,0,0,0,0,0,0,0,0,0,0
213,แตงร้าน,"['ลูก', 'ผล']",0,0,150,0,0,0,0,0,0,0,0,0,0,0,0,0,0,0,0,0,0,0,0,0,150,0,0,0,0,0,0,0,0,0,0,0,0,0,0,0,0,0,0,0,0,0,0,0,0
214,มะเขือม่วง,"['ลูก', 'หัว']",0,0,300,300,0,0,0,0,0,0,0,0,0,0,0,0,0,0,0,0,0,0,0,0,0,0,0,0,0,0,0,0,0,0,0,0,0,0,0,0,0,0,0,0,0,0,0,0,0
215,กระดูกอ่อน,"['kilogram', 'gram']",0,0,0,0,0,0,0,0,0,0,0,0,0,0,0,0,0,0,0,0,0,0,0,0,0,0,0,0,0,0,0,0,0,0,0,0,0,0,0,0,0,0,0,0,0,0,0,0,0
216,แป้งข้าวเจ้า,"['table_spoon', 'gram', 'cup']",0,0,0,0,0,0,0,0,0,0,0,0,0,0,0,0,0,0,0,0,0,0,0,0,0,0,0,0,0,0,0,0,0,0,0,0,0,0,0,0,0,0,0,0,0,0,0,0,0
217,สาหร่าย,"['', 'แผ่น', 'ชิ้น', 'table_spoon', 'hand', 'cup', 'avg']",1,0,0,0,0,0,0,0,0,0,0,0,0,0,0,0,0,0,0,1,0,0,0,0,0,0,0,0,0,0,0,0,0,0,0,0,0,0,0,0,0,0,0,0,0,0,0,0,0
218,โยเกิร์ต,"['table_spoon', 'gram', 'glass', 'cup']",0,0,0,0,0,0,0,0,0,0,0,0,0,0,0,0,0,0,0,0,0,0,0,0,0,0,0,0,0,0,0,0,0,0,0,0,0,0,0,0,0,0,0,0,0,0,0,0,0
219,(^ปลา(?!หมึก|กระป๋อง|ร้า|แผ่น|เส้น))|แซลมอน|เนื้อปลา,"['', 'ตัว/กระป๋อง', 'ท่อน', 'ชื้น', 'ชิ้นขนาดกลาง', 'แพค', 'ป๋อง', 'ตัวใหญ่', 'ตัว', 'ชิ้น', 'ชิ้นเล็ก', 'กระป๋อง', 'ชิ้นใหญ่', 'กระป๋องเล็ก', 'ต้ว', 'tea_spoon', 'table_spoon', 'kilogram', 'gram', 'hundred_gram', 'cup', 'avg', 'plate']",125,0,0,0,0,0,0,0,0,0,0,0,0,0,0,0,100,0,0,0,0,0,0,125,0,160,250,0,0,0,0,0,0,0,0,0,0,0,0,0,0,160,0,0,0,0,0,0,0
220,ผงขมิ้น|^ขมิ้น$,"['แง่ง', 'หัว', 'tea_spoon', 'table_spoon']",0,0,0,2.5,0,0,0,0,0,0,0,0,0,0,0,0,0,0,0,0,0,0,0,0,0,0,0,0,0,0,0,0,0,0,0,0,0,0,0,0,0,0,0,0,0,0,0,0,0
221,ก้านพลู,"['ก้าน', 'table_spoon']",0,0,0,0,0,0,0,0,0,0,0,0,0,0,0,0,0,0,0,0,1,0,0,0,0,0,0,0,0,0,0,0,0,0,0,0,0,0,0,0,0,0,0,0,0,0,0,0,0
222,เส้นบุก,"['ถุง', 'ห่อ', 'gram', 'avg']",0,100,0,0,100,0,0,0,0,0,0,0,0,0,0,0,0,0,0,0,0,0,0,0,0,0,0,0,0,0,0,0,0,0,0,0,0,0,0,0,0,0,0,0,0,0,0,0,0
223,แขนง,"['หัว', 'ต้น', 'บาท', 'ถุง', 'gram']",0,0,0,15,40,0,0,0,15,0,0,0,0,0,28.57142857,0,0,0,0,0,0,0,0,0,0,0,0,0,0,0,0,0,0,0,0,0,0,0,0,0,0,0,0,0,0,0,0,0,0
224,ซอสภูเขา,"['', 'tea_spoon', 'spoon', 'table_spoon']",0,0,0,0,0,0,0,0,0,0,0,0,0,0,0,0,0,0,0,0,0,0,0,0,0,0,0,0,0,0,0,0,0,0,0,0,0,0,0,0,0,0,0,0,0,0,0,0,0
226,เครื่องใน,"['ชุด', 'gram', 'avg']",0,0,0,0,0,0,0,0,0,0,0,0,0,0,0,0,0,0,0,0,0,0,0,0,0,0,0,0,0,0,0,100,0,0,0,0,0,0,0,0,0,0,0,0,0,0,0,0,0
227,ยี่หร่า|ผง cumin,"['ใบ', '', 'tea_spoon', 'table_spoon', 'gram', 'pick']",0,0,0,0,0,0,0,0,0,0,0,0,0,0,0,0,0,1,0,0,0,0,0,0,0,0,0,0,0,0,0,0,0,0,0,0,0,0,0,0,0,0,0,0,0,0,0,0,0
228,โบโลน่า,"['', 'แผ่น', 'ห่อ', 'gram']",0,150,0,0,0,0,0,0,0,0,0,0,0,0,0,0,0,0,0,23,0,0,0,0,0,0,0,0,0,0,0,0,0,0,0,0,0,0,0,0,0,0,0,0,0,0,0,0,0
229,หัวปลี,"['', 'หัว', 'gram', 'min']",0,0,0,200,0,0,0,0,0,0,0,0,0,0,0,0,0,0,0,0,0,0,0,0,0,0,0,0,0,0,0,0,0,0,0,0,0,0,0,0,0,0,0,0,0,0,0,0,0
230,ครีม,"['กระป๋อง', 'spoon', 'table_spoon', 'gram', 'milligram', 'cup', 'avg']",0,0,0,0,0,0,0,0,0,0,0,0,0,0,0,0,388,0,0,0,0,0,0,0,0,0,0,0,0,0,0,0,0,0,0,0,0,0,0,0,0,0,0,0,0,0,0,0,0
231,^กากหมู$,"['gram', 'cup', 'min', 'avg']",0,0,0,0,0,0,0,0,0,0,0,0,0,0,0,0,0,0,0,0,0,0,0,0,0,0,0,0,0,0,0,0,0,0,0,0,0,0,0,0,0,0,0,0,0,0,0,0,0
232,กระเพาะปลา,"['kilogram', 'gram', 'hundred_gram']",0,0,0,0,0,0,0,0,0,0,0,0,0,0,0,0,0,0,0,0,0,0,0,0,0,0,0,0,0,0,0,0,0,0,0,0,0,0,0,0,0,0,0,0,0,0,0,0,0
233,ไวน์ขาว,"['table_spoon', 'milligram', 'cup']",0,0,0,0,0,0,0,0,0,0,0,0,0,0,0,0,0,0,0,0,0,0,0,0,0,0,0,0,0,0,0,0,0,0,0,0,0,0,0,0,0,0,0,0,0,0,0,0,0
234,ถั่วหวาน,"['', 'gram', 'hundred_gram', 'min', 'avg']",0,0,0,0,0,0,0,0,0,0,0,0,0,0,0,0,0,0,0,0,0,0,0,0,0,0,0,0,0,0,0,0,0,0,0,0,0,0,0,0,0,0,0,0,0,0,0,0,0
235,แป้งท้าวยายม่อม|แป้งท้าว|แป้งเท้า,"['', 'spoon', 'table_spoon', 'gram']",0,0,0,0,0,0,0,0,0,0,0,0,0,0,0,0,0,0,0,0,0,0,0,0,0,0,0,0,0,0,0,0,0,0,0,0,0,0,0,0,0,0,0,0,0,0,0,0,0
236,หมี่กรอบ,"['ก้อน', 'ถุง', 'cup']",0,0,0,0,50,0,0,0,0,0,0,50,0,0,0,0,0,0,0,0,0,0,0,0,0,0,0,0,0,0,0,0,0,0,0,0,0,0,0,0,0,0,0,0,0,0,0,0,0
237,ตำลึง,"['', 'ต้น', 'gram', 'hand']",0,0,0,0,0,0,0,0,10,0,0,0,0,0,0,0,0,0,0,0,0,0,0,0,0,0,0,0,0,0,0,0,0,0,0,0,0,0,0,0,0,0,0,0,0,0,0,0,0
238,ซอสเพสโต้,"['spoon', 'table_spoon', 'avg']",0,0,0,0,0,0,0,0,0,0,0,0,0,0,0,0,0,0,0,0,0,0,0,0,0,0,0,0,0,0,0,0,0,0,0,0,0,0,0,0,0,0,0,0,0,0,0,0,0
239,เครื่องแกงเขียวหวาน,"['table_spoon', 'hundred_gram']",0,0,0,0,0,0,0,0,0,0,0,0,0,0,0,0,0,0,0,0,0,0,0,0,0,0,0,0,0,0,0,0,0,0,0,0,0,0,0,0,0,0,0,0,0,0,0,0,0
240,หนำเลี๊ยบ,"['เมล็ด', 'เม็ด']",0,0,0,0,0,0,0,0,0,0,0,0,0,0,0,3,0,0,0,0,0,0,0,0,0,0,0,0,0,0,0,0,0,0,0,0,0,0,0,0,0,0,0,0,0,0,0,0,0
241,ข้าวเหนียว,"['ก้อน', 'kilogram', 'cup']",0,0,0,0,0,0,0,0,0,0,0,100,0,0,0,0,0,0,0,0,0,0,0,0,0,0,0,0,0,0,0,0,0,0,0,0,0,0,0,0,0,0,0,0,0,0,0,0,0
242,ดอกหอม,"['ต้น', 'gram', 'hundred_gram']",0,0,0,0,0,0,0,0,0.1,0,0,0,0,0,0,0,0,0,0,0,0,0,0,0,0,0,0,0,0,0,0,0,0,0,0,0,0,0,0,0,0,0,0,0,0,0,0,0,0
243,^(?!เบคกิ้ง)โซดา|น้ำโซดา,"['bottle', 'cup']",0,0,0,0,0,0,0,0,0,0,0,0,0,0,0,0,0,0,0,0,0,0,0,0,0,0,0,0,0,0,0,0,0,0,0,0,0,0,0,0,0,0,0,0,0,0,0,0,0
244,ถั่วพู,"['ฝัก', 'gram', 'buble']",0,0,0,0,0,0,0,0,0,0,0,0,0,0,0,0,0,0,0,0,0,0,0,0,0,0,0,5,0,0,0,0,0,0,0,0,0,0,0,0,0,0,0,0,0,0,0,0,0
245,เส้นแก้ว,"['gram', 'hand']",0,0,0,0,0,0,0,0,0,0,0,0,0,0,0,0,0,0,0,0,0,0,0,0,0,0,0,0,0,0,0,0,0,0,0,0,0,0,0,0,0,0,0,0,0,0,0,0,0
246,เครื่องต้มยำ,"['ชุด', 'tea_spoon', 'avg']",0,0,0,0,0,0,0,0,0,0,0,0,0,0,0,0,0,0,0,0,0,0,0,0,0,0,0,0,0,0,0,100,0,0,0,0,0,0,0,0,0,0,0,0,0,0,0,0,0
247,เผือก,"['หัว', 'gram', 'cup']",0,0,0,200,0,0,0,0,0,0,0,0,0,0,0,0,0,0,0,0,0,0,0,0,0,0,0,0,0,0,0,0,0,0,0,0,0,0,0,0,0,0,0,0,0,0,0,0,0
248,ก้อนแกงกะหรี่ญี่ปุ่น,"['ก้อน', 'แพ็ค', 'กล่อง']",0,0,0,0,0,0,0,0,0,0,0,115,0,0,0,0,0,0,0,0,0,115,0,0,0,0,0,0,0,0,115,0,0,0,0,0,0,0,0,0,0,115,0,0,0,0,0,0,0
249,โปรตีนเกษตร,"['cup', 'avg']",0,0,0,0,0,0,0,0,0,0,0,0,0,0,0,0,0,0,0,0,0,0,0,0,0,0,0,0,0,0,0,0,0,0,0,0,0,0,0,0,0,0,0,0,0,0,0,0,0
250,บ๊วยดอง,"['ลูก', 'เม็ด']",0,0,5,0,0,0,0,0,0,0,0,0,0,0,0,5,0,0,0,0,0,0,0,0,0,0,0,0,0,0,0,0,0,0,0,0,0,0,0,0,0,0,0,0,0,0,0,0,0
251,ไชโป๊ว,"['เส้น', 'table_spoon', 'gram', 'hand', 'pick']",0,0,0,0,0,0,0,0,0,0,0,0,2,0,0,0,0,0,0,0,0,0,0,0,0,0,0,0,0,0,0,0,0,0,0,0,0,0,0,0,0,0,0,0,0,0,0,0,0
252,แคปหมู,"['cup', 'min']",0,0,0,0,0,0,0,0,0,0,0,0,0,0,0,0,0,0,0,0,0,0,0,0,0,0,0,0,0,0,0,0,0,0,0,0,0,0,0,0,0,0,0,0,0,0,0,0,0
253,พาร์สลีย์|พาสลี่|พาสลีย์|parsley,"['', 'กิ่ง', 'tea_spoon', 'table_spoon', 'cup', 'min', 'avg']",0,0,0,0,0,0,0,0,0,0,0,0,0,0,0,0,0,0,0,0,0,0,0,0,0,0,0,0,0,0,0,0,10,0,0,0,0,0,0,0,0,0,0,0,0,0,0,0,0
254,บวบ,"['', 'ลูก', 'อัน', 'cup']",0,0,300,0,0,0,0,0,0,0,0,0,0,300,0,0,0,0,0,0,0,0,0,0,0,0,0,0,0,0,0,0,0,0,0,0,0,0,0,0,0,0,0,0,0,0,0,0,0
255,ใบเตย,"['ใบ', 'tea_spoon', 'table_spoon', 'avg']",0,0,0,0,0,0,0,0,0,0,0,0,0,0,0,0,0,5,0,0,0,0,0,0,0,0,0,0,0,0,0,0,0,0,0,0,0,0,0,0,0,0,0,0,0,0,0,0,0
256,ใบเหลียง,"['แพ็ค', 'gram', 'plate']",0,0,0,0,0,0,0,0,0,0,0,0,0,0,0,0,0,0,0,0,0,200,0,0,0,0,0,0,0,0,0,0,0,0,0,0,0,0,0,0,0,0,0,0,0,0,0,0,0
257,เบคกิ้งโซดา,['tea_spoon'],0,0,0,0,0,0,0,0,0,0,0,0,0,0,0,0,0,0,0,0,0,0,0,0,0,0,0,0,0,0,0,0,0,0,0,0,0,0,0,0,0,0,0,0,0,0,0,0,0
258,^(?!ไข่)เป็ด|เนื้อเป็ด|อกเป็ด,"['อก', 'น่อง', 'ตัว', 'ชิ้น', 'kilogram', 'gram', 'hundred_gram', 'cup']",200,0,0,0,0,0,0,0,0,0,0,0,0,0,0,0,0,0,0,0,0,0,0,0,0,0,1500,0,0,0,0,0,0,0,0,200,0,0,0,0,0,0,0,0,0,200,0,0,0
259,แมงลัก,"['', 'ต้น', 'gram', 'avg']",0,0,0,0,0,0,0,0,2,0,0,0,0,0,0,0,0,0,0,0,0,0,0,0,0,0,0,0,0,0,0,0,0,0,0,0,0,0,0,0,0,0,0,0,0,0,0,0,0
260,^ถั่ว$|ถั่วป่น|ถั่วคั่ว,"['บาท', 'table_spoon', 'gram', 'cup', 'avg']",0,0,0,0,0,0,0,0,0,0,0,0,0,0,0.35,0,0,0,0,0,0,0,0,0,0,0,0,0,0,0,0,0,0,0,0,0,0,0,0,0,0,0,0,0,0,0,0,0,0
261,^มะเขือ$,"['', 'ลูก']",0,0,12,0,0,0,0,0,0,0,0,0,0,0,0,0,0,0,0,0,0,0,0,0,0,0,0,0,0,0,0,0,0,0,0,0,0,0,0,0,0,0,0,0,0,0,0,0,0
262,ไก่จ๊อ,"['ชิ้น', 'ลูก']",18,0,18,0,0,0,0,0,0,0,0,0,0,0,0,0,0,0,0,0,0,0,0,0,0,0,0,0,0,0,0,0,0,0,0,0,0,0,0,0,0,0,0,0,0,0,0,0,0
263,ถั่วแดง,"['เมล็ด', 'avg']",0,0,0,0,0,0,0,0,0,0,0,0,0,0,0,0.1325,0,0,0,0,0,0,0,0,0,0,0,0,0,0,0,0,0,0,0,0,0,0,0,0,0,0,0,0,0,0,0,0,0
264,ดอกไม้กวาด,['gram'],0,0,0,0,0,0,0,0,0,0,0,0,0,0,0,0,0,0,0,0,0,0,0,0,0,0,0,0,0,0,0,0,0,0,0,0,0,0,0,0,0,0,0,0,0,0,0,0,0
265,Angel Hair|เส้นแองเจิลแฮร์|เส้น angel hair,"['ห่อ', 'gram']",0,500,0,0,0,0,0,0,0,0,0,0,0,0,0,0,0,0,0,0,0,0,0,0,0,0,0,0,0,0,0,0,0,0,0,0,0,0,0,0,0,0,0,0,0,0,0,0,0
266,แป้งพิซซ่าสำเร็จ,['แผ่น'],0,0,0,0,0,0,0,0,0,0,0,0,0,0,0,0,0,0,0,150,0,0,0,0,0,0,0,0,0,0,0,0,0,0,0,0,0,0,0,0,0,0,0,0,0,0,0,0,0
267,ควินัว|คีนัว,"['gram', 'cup']",0,0,0,0,0,0,0,0,0,0,0,0,0,0,0,0,0,0,0,0,0,0,0,0,0,0,0,0,0,0,0,0,0,0,0,0,0,0,0,0,0,0,0,0,0,0,0,0,0
268,น้ำเลม่อน,['table_spoon'],0,0,0,0,0,0,0,0,0,0,0,0,0,0,0,0,0,0,0,0,0,0,0,0,0,0,0,0,0,0,0,0,0,0,0,0,0,0,0,0,0,0,0,0,0,0,0,0,0
269,เครื่องยาจีน,"['ซอง', 'ชุด', 'gram']",0,0,0,0,0,0,0,0,0,0,100,0,0,0,0,0,0,0,0,0,0,0,0,0,0,0,0,0,0,0,0,100,0,0,0,0,0,0,0,0,0,0,0,0,0,0,0,0,0
270,ข้าวโอ๊ต,"['gram', 'milligram', 'cup']",0,0,0,0,0,0,0,0,0,0,0,0,0,0,0,0,0,0,0,0,0,0,0,0,0,0,0,0,0,0,0,0,0,0,0,0,0,0,0,0,0,0,0,0,0,0,0,0,0
271,ดอกชมจันทร์,"['ถุง', 'gram']",0,0,0,0,100,0,0,0,0,0,0,0,0,0,0,0,0,0,0,0,0,0,0,0,0,0,0,0,0,0,0,0,0,0,0,0,0,0,0,0,0,0,0,0,0,0,0,0,0
272,เยื่อไผ่,"['ถุง', 'cup']",0,0,0,0,100,0,0,0,0,0,0,0,0,0,0,0,0,0,0,0,0,0,0,0,0,0,0,0,0,0,0,0,0,0,0,0,0,0,0,0,0,0,0,0,0,0,0,0,0
273,แป้งต็อก,['gram'],0,0,0,0,0,0,0,0,0,0,0,0,0,0,0,0,0,0,0,0,0,0,0,0,0,0,0,0,0,0,0,0,0,0,0,0,0,0,0,0,0,0,0,0,0,0,0,0,0
274,^มะกอก,"['ลูก', 'เม็ด', 'gram']",0,0,9,0,0,0,0,0,0,0,0,0,0,0,0,9,0,0,0,0,0,0,0,0,0,0,0,0,0,0,0,0,0,0,0,0,0,0,0,0,0,0,0,0,0,0,0,0,0
275,เครื่องแกงใต้,['table_spoon'],0,0,0,0,0,0,0,0,0,0,0,0,0,0,0,0,0,0,0,0,0,0,0,0,0,0,0,0,0,0,0,0,0,0,0,0,0,0,0,0,0,0,0,0,0,0,0,0,0
276,ใบชะพลู,"['min', 'avg']",0,0,0,0,0,0,0,0,0,0,0,0,0,0,0,0,0,0,0,0,0,0,0,0,0,0,0,0,0,0,0,0,0,0,0,0,0,0,0,0,0,0,0,0,0,0,0,0,0
277,มาการีน,"['ก้อน', 'tea_spoon']",0,0,0,0,0,0,0,0,0,0,0,225,0,0,0,0,0,0,0,0,0,0,0,0,0,0,0,0,0,0,0,0,0,0,0,0,0,0,0,0,0,0,0,0,0,0,0,0,0
278,^แกงกะหรี่|กะหรี่แกง,"['นึงของกล่อง', 'ซอง', 'กล่อง', 'ก้อน', 'ถาด', 'gram']",0,0,0,0,0,0,115,0,0,0,100,115,0,0,0,0,0,0,0,0,0,0,0,0,0,0,0,0,0,0,115,0,0,0,0,0,0,0,0,0,0,0,0,0,0,0,0,0,0
279,ใบยอ,"['ใบ', 'gram']",0,0,0,0,0,0,0,0,0,0,0,0,0,0,0,0,0,20,0,0,0,0,0,0,0,0,0,0,0,0,0,0,0,0,0,0,0,0,0,0,0,0,0,0,0,0,0,0,0
280,น้ำบูดู,"['table_spoon', 'cup']",0,0,0,0,0,0,0,0,0,0,0,0,0,0,0,0,0,0,0,0,0,0,0,0,0,0,0,0,0,0,0,0,0,0,0,0,0,0,0,0,0,0,0,0,0,0,0,0,0
281,ไข่ปลาหมึก,"['gram', 'avg']",0,0,0,0,0,0,0,0,0,0,0,0,0,0,0,0,0,0,0,0,0,0,0,0,0,0,0,0,0,0,0,0,0,0,0,0,0,0,0,0,0,0,0,0,0,0,0,0,0
282,ดีปลีผง,['tea_spoon'],0,0,0,0,0,0,0,0,0,0,0,0,0,0,0,0,0,0,0,0,0,0,0,0,0,0,0,0,0,0,0,0,0,0,0,0,0,0,0,0,0,0,0,0,0,0,0,0,0
283,เครื่องตุ๋นยาจีน,"['ซอง', 'avg']",0,0,0,0,0,0,0,0,0,0,30,0,0,0,0,0,0,0,0,0,0,0,0,0,0,0,0,0,0,0,0,0,0,0,0,0,0,0,0,0,0,0,0,0,0,0,0,0,0
284,เซี่ยงจี้,"['kilogram', 'hundred_gram']",0,0,0,0,0,0,0,0,0,0,0,0,0,0,0,0,0,0,0,0,0,0,0,0,0,0,0,0,0,0,0,0,0,0,0,0,0,0,0,0,0,0,0,0,0,0,0,0,0
285,น้ำอ้อย,"['table_spoon', 'kilogram']",0,0,0,0,0,0,0,0,0,0,0,0,0,0,0,0,0,0,0,0,0,0,0,0,0,0,0,0,0,0,0,0,0,0,0,0,0,0,0,0,0,0,0,0,0,0,0,0,0
286,เพนเน่,"['ห่อ', 'gram', 'hand', 'cup']",0,500,0,0,0,0,0,0,0,0,0,0,0,0,0,0,0,0,0,0,0,0,0,0,0,0,0,0,0,0,0,0,0,0,0,0,0,0,0,0,0,0,0,0,0,0,0,0,0
287,ดอกโสน,['hundred_gram'],0,0,0,0,0,0,0,0,0,0,0,0,0,0,0,0,0,0,0,0,0,0,0,0,0,0,0,0,0,0,0,0,0,0,0,0,0,0,0,0,0,0,0,0,0,0,0,0,0
288,ซุคคีนี,"['ผล', 'cup']",0,0,0,0,0,0,0,0,0,0,0,0,0,0,0,0,0,0,0,0,0,0,0,0,125,0,0,0,0,0,0,0,0,0,0,0,0,0,0,0,0,0,0,0,0,0,0,0,0
289,ยีสต์,"['tea_spoon', 'gram']",0,0,0,0,0,0,0,0,0,0,0,0,0,0,0,0,0,0,0,0,0,0,0,0,0,0,0,0,0,0,0,0,0,0,0,0,0,0,0,0,0,0,0,0,0,0,0,0,0
290,ผักขม,"['cup', 'avg']",0,0,0,0,0,0,0,0,0,0,0,0,0,0,0,0,0,0,0,0,0,0,0,0,0,0,0,0,0,0,0,0,0,0,0,0,0,0,0,0,0,0,0,0,0,0,0,0,0
291,ถั่วแขก,"['', 'kilogram', 'gram']",0,0,0,0,0,0,0,0,0,0,0,0,0,0,0,0,0,0,0,0,0,0,0,0,0,0,0,0,0,0,0,0,0,0,0,0,0,0,0,0,0,0,0,0,0,0,0,0,0
292,ลูกกระวาน,['ลูก'],0,0,3,0,0,0,0,0,0,0,0,0,0,0,0,0,0,0,0,0,0,0,0,0,0,0,0,0,0,0,0,0,0,0,0,0,0,0,0,0,0,0,0,0,0,0,0,0,0
293,น้ำอาจาด,['bottle'],0,0,0,0,0,0,0,0,0,0,0,0,0,0,0,0,0,0,0,0,0,0,0,0,0,0,0,0,0,0,0,0,0,0,0,0,0,0,0,0,0,0,0,0,0,0,0,0,0
294,ข้าวมัน,"['แว่น', 'table_spoon', 'lobe', 'cup']",0,0,0,0,0,0,0,0,0,0,0,0,0,0,0,0,0,0,0,0,0,0,0,0,0,0,0,0,0,0,0,0,0,0,0,0,0,0,0,0,0,0,0,0,0,0,0,0,0
295,มันบด,['ชิ้น'],100,0,0,0,0,0,0,0,0,0,0,0,0,0,0,0,0,0,0,0,0,0,0,0,0,0,0,0,0,0,0,0,0,0,0,0,0,0,0,0,0,0,0,0,0,0,0,0,0